,Tm,W-L%,Year,R.O.D_record,MVPs,OPOYs,DPOYS,ROY_OFFENSE,ROY_DEFENSE,QBProBowl,ProBowl,1stTeam,2ndTeam,Allpro,Made Championship,Made Superbowl,Won SB,Made Playoffs
0,ARI,0.188,2000,0.4583333333333333,0.0,0.0,0.0,0.0,0.0,0.0,1.0,0.0,0.0,0.0,0.0,0.0,0.0,0.0
1,ARI,0.438,2001,0.7293333333333333,0.0,0.0,0.0,0.0,0.0,0.0,1.0,1.0,0.0,1.0,0.0,0.0,0.0,0.0
2,ARI,0.313,2002,0.5003333333333333,0.0,0.0,0.0,0.0,0.0,0.0,0.0,0.0,0.0,0.0,0.0,0.0,0.0,0.0
3,ARI,0.25,2003,0.6043333333333333,0.0,0.0,0.0,1.0,0.0,0.0,1.0,0.0,0.0,0.0,0.0,0.0,0.0,0.0
4,ARI,0.375,2004,0.39599999999999996,0.0,0.0,0.0,0.0,0.0,0.0,1.0,0.0,1.0,1.0,0.0,0.0,0.0,0.0
5,ARI,0.313,2005,0.47933333333333333,0.0,0.0,0.0,0.0,0.0,0.0,2.0,0.0,0.0,0.0,0.0,0.0,0.0,0.0
6,ARI,0.313,2006,0.5003333333333334,0.0,0.0,0.0,0.0,0.0,0.0,2.0,0.0,1.0,1.0,0.0,0.0,0.0,0.0
7,ARI,0.5,2007,0.3753333333333333,0.0,0.0,0.0,0.0,0.0,0.0,2.0,0.0,0.0,0.0,0.0,0.0,0.0,0.0
8,ARI,0.563,2008,0.27099999999999996,0.0,0.0,0.0,0.0,0.0,1.0,4.0,1.0,1.0,2.0,1.0,1.0,0.0,1.0
9,ARI,0.625,2009,0.292,0.0,0.0,0.0,0.0,0.0,0.0,5.0,1.0,2.0,3.0,0.0,0.0,0.0,1.0
10,ARI,0.313,2010,0.417,0.0,0.0,0.0,0.0,0.0,0.0,3.0,0.0,0.0,0.0,0.0,0.0,0.0,0.0
11,ARI,0.5,2011,0.4586666666666666,0.0,0.0,0.0,0.0,0.0,0.0,3.0,0.0,1.0,1.0,0.0,0.0,0.0,0.0
12,ARI,0.313,2012,0.6253333333333334,0.0,0.0,0.0,0.0,0.0,0.0,3.0,0.0,1.0,1.0,0.0,0.0,0.0,0.0
13,ARI,0.625,2013,0.6669999999999999,0.0,0.0,0.0,0.0,0.0,0.0,4.0,1.0,1.0,2.0,0.0,0.0,0.0,0.0
14,ARI,0.688,2014,0.5416666666666666,0.0,0.0,0.0,0.0,0.0,0.0,4.0,0.0,1.0,1.0,0.0,0.0,0.0,1.0
15,ARI,0.813,2015,0.4586666666666667,0.0,0.0,0.0,0.0,0.0,1.0,6.0,2.0,2.0,4.0,1.0,0.0,0.0,1.0
16,ARI,0.469,2016,0.34366666666666673,0.0,0.0,0.0,0.0,0.0,0.0,3.0,1.0,1.0,2.0,0.0,0.0,0.0,0.0
17,ARI,0.5,2017,0.5419999999999999,0.0,0.0,0.0,0.0,0.0,0.0,4.0,1.0,0.0,1.0,0.0,0.0,0.0,0.0
18,ARI,0.188,2018,0.5626666666666666,0.0,0.0,0.0,0.0,0.0,0.0,1.0,0.0,0.0,0.0,0.0,0.0,0.0,0.0
19,ARI,0.344,2019,0.6880000000000001,0.0,0.0,0.0,1.0,0.0,0.0,2.0,1.0,0.0,1.0,0.0,0.0,0.0,0.0
20,ARI,0.5,2020,0.5833333333333334,0.0,0.0,0.0,0.0,0.0,1.0,2.0,1.0,1.0,2.0,0.0,0.0,0.0,0.0
21,ARI,0.647,2021,0.5686666666666665,0.0,0.0,0.0,0.0,0.0,1.0,4.0,0.0,1.0,1.0,0.0,0.0,0.0,1.0
23,ATL,0.25,2000,0.5626666666666666,0.0,0.0,0.0,0.0,0.0,0.0,0.0,0.0,1.0,1.0,0.0,0.0,0.0,0.0
24,ATL,0.438,2001,0.3546666666666667,0.0,0.0,0.0,0.0,0.0,0.0,1.0,0.0,0.0,0.0,0.0,0.0,0.0,0.0
25,ATL,0.594,2002,0.5836666666666667,0.0,0.0,0.0,0.0,0.0,1.0,1.0,0.0,1.0,1.0,0.0,0.0,0.0,1.0
26,ATL,0.313,2003,0.5419999999999999,0.0,0.0,0.0,0.0,0.0,0.0,2.0,0.0,0.0,0.0,0.0,0.0,0.0,0.0
27,ATL,0.688,2004,0.417,0.0,0.0,0.0,0.0,0.0,1.0,4.0,0.0,2.0,2.0,1.0,0.0,0.0,1.0
28,ATL,0.5,2005,0.5213333333333333,0.0,0.0,0.0,0.0,0.0,1.0,5.0,0.0,1.0,1.0,0.0,0.0,0.0,0.0
29,ATL,0.438,2006,0.4583333333333333,0.0,0.0,0.0,0.0,0.0,0.0,2.0,0.0,0.0,0.0,0.0,0.0,0.0,0.0
30,ATL,0.25,2007,0.47966666666666663,0.0,0.0,0.0,0.0,0.0,0.0,0.0,0.0,0.0,0.0,0.0,0.0,0.0,0.0
31,ATL,0.688,2008,0.6043333333333333,0.0,0.0,0.0,1.0,0.0,0.0,2.0,1.0,1.0,2.0,0.0,0.0,0.0,1.0
32,ATL,0.563,2009,0.5003333333333334,0.0,0.0,0.0,0.0,0.0,0.0,1.0,0.0,0.0,0.0,0.0,0.0,0.0,0.0
33,ATL,0.813,2010,0.47933333333333333,0.0,0.0,0.0,0.0,0.0,1.0,8.0,2.0,2.0,4.0,0.0,0.0,0.0,1.0
34,ATL,0.625,2011,0.4793333333333332,0.0,0.0,0.0,0.0,0.0,0.0,2.0,0.0,0.0,0.0,0.0,0.0,0.0,1.0
35,ATL,0.813,2012,0.43799999999999994,0.0,0.0,0.0,0.0,0.0,1.0,4.0,1.0,0.0,1.0,1.0,0.0,0.0,1.0
36,ATL,0.25,2013,0.5626666666666666,0.0,0.0,0.0,0.0,0.0,0.0,1.0,0.0,0.0,0.0,0.0,0.0,0.0,0.0
37,ATL,0.375,2014,0.34400000000000003,0.0,0.0,0.0,0.0,0.0,1.0,2.0,0.0,0.0,0.0,0.0,0.0,0.0,0.0
38,ATL,0.5,2015,0.5836666666666667,0.0,0.0,0.0,0.0,0.0,0.0,4.0,1.0,2.0,3.0,0.0,0.0,0.0,0.0
39,ATL,0.688,2016,0.4586666666666667,1.0,1.0,0.0,0.0,0.0,1.0,5.0,3.0,1.0,4.0,1.0,1.0,0.0,1.0
40,ATL,0.625,2017,0.5630000000000001,0.0,0.0,0.0,0.0,0.0,0.0,4.0,0.0,2.0,2.0,0.0,0.0,0.0,1.0
41,ATL,0.438,2018,0.5213333333333334,0.0,0.0,0.0,0.0,0.0,0.0,4.0,0.0,1.0,1.0,0.0,0.0,0.0,0.0
42,ATL,0.438,2019,0.5213333333333334,0.0,0.0,0.0,0.0,0.0,0.0,3.0,0.0,2.0,2.0,0.0,0.0,0.0,0.0
43,ATL,0.25,2020,0.5836666666666667,0.0,0.0,0.0,0.0,0.0,0.0,2.0,0.0,1.0,1.0,0.0,0.0,0.0,0.0
44,ATL,0.412,2021,0.5293333333333333,0.0,0.0,0.0,0.0,0.0,0.0,2.0,0.0,1.0,1.0,0.0,0.0,0.0,0.0
46,BAL,0.75,2000,0.3336666666666666,0.0,0.0,1.0,0.0,0.0,0.0,5.0,2.0,3.0,5.0,1.0,1.0,1.0,1.0
47,BAL,0.625,2001,0.5419999999999999,0.0,0.0,0.0,0.0,0.0,0.0,6.0,1.0,2.0,3.0,0.0,0.0,0.0,1.0
48,BAL,0.438,2002,0.448,0.0,0.0,0.0,0.0,0.0,0.0,3.0,1.0,0.0,1.0,0.0,0.0,0.0,0.0
49,BAL,0.625,2003,0.39599999999999996,0.0,1.0,1.0,0.0,1.0,0.0,8.0,4.0,2.0,6.0,0.0,0.0,0.0,1.0
50,BAL,0.563,2004,0.5626666666666666,0.0,0.0,1.0,0.0,0.0,0.0,5.0,2.0,2.0,4.0,0.0,0.0,0.0,0.0
51,BAL,0.375,2005,0.5836666666666667,0.0,0.0,0.0,0.0,0.0,0.0,1.0,0.0,0.0,0.0,0.0,0.0,0.0,0.0
52,BAL,0.813,2006,0.4166666666666666,0.0,0.0,0.0,0.0,0.0,0.0,6.0,2.0,3.0,5.0,0.0,0.0,0.0,1.0
53,BAL,0.313,2007,0.5626666666666666,0.0,0.0,0.0,0.0,0.0,0.0,4.0,1.0,0.0,1.0,0.0,0.0,0.0,0.0
54,BAL,0.688,2008,0.427,0.0,0.0,0.0,0.0,0.0,0.0,5.0,3.0,2.0,5.0,1.0,0.0,0.0,1.0
55,BAL,0.563,2009,0.5003333333333334,0.0,0.0,0.0,0.0,0.0,0.0,5.0,1.0,4.0,5.0,0.0,0.0,0.0,1.0
56,BAL,0.75,2010,0.4376666666666666,0.0,0.0,0.0,0.0,0.0,0.0,5.0,2.0,1.0,3.0,0.0,0.0,0.0,1.0
57,BAL,0.75,2011,0.5209999999999999,0.0,0.0,1.0,0.0,0.0,0.0,8.0,3.0,3.0,6.0,1.0,0.0,0.0,1.0
58,BAL,0.625,2012,0.4793333333333332,0.0,0.0,0.0,0.0,0.0,0.0,6.0,1.0,2.0,3.0,1.0,1.0,1.0,1.0
59,BAL,0.5,2013,0.47933333333333333,0.0,0.0,0.0,0.0,0.0,0.0,4.0,0.0,0.0,0.0,0.0,0.0,0.0,0.0
60,BAL,0.625,2014,0.594,0.0,0.0,0.0,0.0,0.0,0.0,4.0,2.0,1.0,3.0,0.0,0.0,0.0,1.0
61,BAL,0.313,2015,0.521,0.0,0.0,0.0,0.0,0.0,0.0,4.0,1.0,0.0,1.0,0.0,0.0,0.0,0.0
62,BAL,0.5,2016,0.38566666666666666,0.0,0.0,0.0,0.0,0.0,0.0,7.0,0.0,3.0,3.0,0.0,0.0,0.0,0.0
63,BAL,0.563,2017,0.417,0.0,0.0,0.0,0.0,0.0,0.0,3.0,0.0,1.0,1.0,0.0,0.0,0.0,0.0
64,BAL,0.625,2018,0.4793333333333332,0.0,0.0,0.0,0.0,0.0,0.0,4.0,0.0,2.0,2.0,0.0,0.0,0.0,1.0
65,BAL,0.875,2019,0.3333333333333333,1.0,0.0,0.0,0.0,0.0,1.0,11.0,3.0,1.0,4.0,0.0,0.0,0.0,1.0
66,BAL,0.688,2020,0.5730000000000001,0.0,0.0,0.0,0.0,0.0,0.0,7.0,0.0,0.0,0.0,0.0,0.0,0.0,1.0
67,BAL,0.471,2021,0.5393333333333333,0.0,0.0,0.0,0.0,0.0,1.0,4.0,1.0,0.0,1.0,0.0,0.0,0.0,0.0
69,BUF,0.5,2000,0.5213333333333333,0.0,0.0,0.0,0.0,0.0,0.0,4.0,0.0,2.0,2.0,0.0,0.0,0.0,0.0
70,BUF,0.188,2001,0.6669999999999999,0.0,0.0,0.0,0.0,0.0,0.0,2.0,0.0,0.0,0.0,0.0,0.0,0.0,0.0
71,BUF,0.5,2002,0.5630000000000001,0.0,0.0,0.0,0.0,0.0,1.0,3.0,0.0,2.0,2.0,0.0,0.0,0.0,0.0
72,BUF,0.375,2003,0.625,0.0,0.0,0.0,0.0,0.0,0.0,2.0,0.0,0.0,0.0,0.0,0.0,0.0,0.0
73,BUF,0.563,2004,0.5833333333333333,0.0,0.0,0.0,0.0,0.0,0.0,4.0,1.0,1.0,2.0,0.0,0.0,0.0,0.0
74,BUF,0.313,2005,0.47933333333333333,0.0,0.0,0.0,0.0,0.0,0.0,2.0,0.0,0.0,0.0,0.0,0.0,0.0,0.0
75,BUF,0.438,2006,0.5833333333333333,0.0,0.0,0.0,0.0,0.0,0.0,2.0,0.0,1.0,1.0,0.0,0.0,0.0,0.0
76,BUF,0.438,2007,0.43766666666666665,0.0,0.0,0.0,0.0,0.0,0.0,2.0,0.0,1.0,1.0,0.0,0.0,0.0,0.0
77,BUF,0.438,2008,0.6463333333333333,0.0,0.0,0.0,0.0,0.0,0.0,2.0,0.0,1.0,1.0,0.0,0.0,0.0,0.0
78,BUF,0.375,2009,0.5419999999999999,0.0,0.0,0.0,0.0,0.0,0.0,1.0,0.0,0.0,0.0,0.0,0.0,0.0,0.0
79,BUF,0.25,2010,0.6669999999999999,0.0,0.0,0.0,0.0,0.0,0.0,1.0,0.0,1.0,1.0,0.0,0.0,0.0,0.0
80,BUF,0.375,2011,0.5626666666666665,0.0,0.0,0.0,0.0,0.0,0.0,0.0,0.0,0.0,0.0,0.0,0.0,0.0,0.0
81,BUF,0.375,2012,0.521,0.0,0.0,0.0,0.0,0.0,0.0,3.0,0.0,1.0,1.0,0.0,0.0,0.0,0.0
82,BUF,0.375,2013,0.5833333333333334,0.0,0.0,0.0,0.0,0.0,0.0,4.0,0.0,2.0,2.0,0.0,0.0,0.0,0.0
83,BUF,0.563,2014,0.49999999999999994,0.0,0.0,0.0,0.0,0.0,0.0,3.0,2.0,0.0,2.0,0.0,0.0,0.0,0.0
84,BUF,0.5,2015,0.5833333333333334,0.0,0.0,0.0,0.0,0.0,1.0,3.0,0.0,0.0,0.0,0.0,0.0,0.0,0.0
85,BUF,0.438,2016,0.6043333333333333,0.0,0.0,0.0,0.0,0.0,0.0,6.0,0.0,2.0,2.0,0.0,0.0,0.0,0.0
86,BUF,0.563,2017,0.5003333333333334,0.0,0.0,0.0,0.0,0.0,0.0,3.0,0.0,1.0,1.0,0.0,0.0,0.0,1.0
87,BUF,0.375,2018,0.4586666666666666,0.0,0.0,0.0,0.0,0.0,0.0,1.0,0.0,0.0,0.0,0.0,0.0,0.0,0.0
88,BUF,0.625,2019,0.5003333333333333,0.0,0.0,0.0,0.0,0.0,0.0,3.0,1.0,0.0,1.0,0.0,0.0,0.0,1.0
89,BUF,0.813,2020,0.39599999999999996,0.0,0.0,0.0,0.0,0.0,1.0,4.0,1.0,3.0,4.0,1.0,0.0,0.0,1.0
90,BUF,0.647,2021,0.4506666666666667,0.0,0.0,0.0,0.0,0.0,1.0,2.0,1.0,1.0,2.0,0.0,0.0,0.0,1.0
92,CAR,0.438,2000,0.5,0.0,0.0,0.0,0.0,0.0,0.0,1.0,0.0,0.0,0.0,0.0,0.0,0.0,0.0
93,CAR,0.063,2001,0.4796666666666667,0.0,0.0,0.0,0.0,0.0,0.0,3.0,1.0,0.0,1.0,0.0,0.0,0.0,0.0
94,CAR,0.438,2002,0.6356666666666666,0.0,0.0,0.0,0.0,1.0,0.0,2.0,1.0,0.0,1.0,0.0,0.0,0.0,0.0
95,CAR,0.688,2003,0.417,0.0,0.0,0.0,0.0,0.0,0.0,4.0,1.0,0.0,1.0,1.0,1.0,0.0,1.0
96,CAR,0.438,2004,0.5003333333333333,0.0,0.0,0.0,0.0,0.0,0.0,4.0,2.0,0.0,2.0,0.0,0.0,0.0,0.0
97,CAR,0.688,2005,0.4586666666666667,0.0,0.0,0.0,0.0,0.0,1.0,3.0,1.0,0.0,1.0,1.0,0.0,0.0,1.0
98,CAR,0.5,2006,0.43766666666666665,0.0,0.0,0.0,0.0,0.0,0.0,3.0,1.0,0.0,1.0,0.0,0.0,0.0,0.0
99,CAR,0.438,2007,0.417,0.0,0.0,0.0,0.0,0.0,0.0,0.0,0.0,0.0,0.0,0.0,0.0,0.0,0.0
100,CAR,0.75,2008,0.5836666666666667,0.0,0.0,0.0,0.0,0.0,0.0,4.0,2.0,3.0,5.0,0.0,0.0,0.0,1.0
101,CAR,0.5,2009,0.5213333333333333,0.0,0.0,0.0,0.0,0.0,0.0,4.0,0.0,2.0,2.0,0.0,0.0,0.0,0.0
102,CAR,0.125,2010,0.7086666666666667,0.0,0.0,0.0,0.0,0.0,0.0,3.0,0.0,0.0,0.0,0.0,0.0,0.0,0.0
103,CAR,0.375,2011,0.5626666666666665,0.0,0.0,0.0,1.0,0.0,1.0,2.0,0.0,1.0,1.0,0.0,0.0,0.0,0.0
104,CAR,0.438,2012,0.563,0.0,0.0,0.0,0.0,1.0,0.0,0.0,0.0,0.0,0.0,0.0,0.0,0.0,0.0
105,CAR,0.75,2013,0.39599999999999996,0.0,0.0,1.0,0.0,0.0,1.0,6.0,3.0,1.0,4.0,0.0,0.0,0.0,1.0
106,CAR,0.469,2014,0.3126666666666667,0.0,0.0,0.0,0.0,0.0,0.0,2.0,1.0,0.0,1.0,0.0,0.0,0.0,1.0
107,CAR,0.938,2015,0.43766666666666665,1.0,1.0,0.0,0.0,0.0,1.0,9.0,6.0,2.0,8.0,1.0,1.0,0.0,1.0
108,CAR,0.375,2016,0.5630000000000001,0.0,0.0,0.0,0.0,0.0,0.0,5.0,0.0,2.0,2.0,0.0,0.0,0.0,0.0
109,CAR,0.688,2017,0.542,0.0,0.0,0.0,0.0,0.0,0.0,4.0,2.0,1.0,3.0,0.0,0.0,0.0,1.0
110,CAR,0.438,2018,0.5213333333333334,0.0,0.0,0.0,0.0,0.0,0.0,3.0,1.0,1.0,2.0,0.0,0.0,0.0,0.0
111,CAR,0.313,2019,0.5630000000000001,0.0,0.0,0.0,0.0,0.0,0.0,3.0,1.0,1.0,2.0,0.0,0.0,0.0,0.0
112,CAR,0.313,2020,0.5626666666666666,0.0,0.0,0.0,0.0,0.0,0.0,0.0,0.0,0.0,0.0,0.0,0.0,0.0,0.0
113,CAR,0.294,2021,0.5686666666666667,0.0,0.0,0.0,0.0,0.0,0.0,2.0,0.0,0.0,0.0,0.0,0.0,0.0,0.0
115,CHI,0.313,2000,0.6046666666666666,0.0,0.0,0.0,0.0,1.0,0.0,1.0,0.0,0.0,0.0,0.0,0.0,0.0,0.0
116,CHI,0.813,2001,0.39599999999999996,0.0,0.0,0.0,1.0,0.0,0.0,5.0,3.0,1.0,4.0,0.0,0.0,0.0,1.0
117,CHI,0.25,2002,0.43766666666666665,0.0,0.0,0.0,0.0,0.0,0.0,3.0,1.0,0.0,1.0,0.0,0.0,0.0,0.0
118,CHI,0.438,2003,0.5003333333333333,0.0,0.0,0.0,0.0,0.0,0.0,3.0,0.0,1.0,1.0,0.0,0.0,0.0,0.0
119,CHI,0.313,2004,0.5,0.0,0.0,0.0,0.0,0.0,0.0,1.0,0.0,0.0,0.0,0.0,0.0,0.0,0.0
120,CHI,0.688,2005,0.3753333333333333,0.0,0.0,1.0,0.0,0.0,0.0,6.0,2.0,4.0,6.0,0.0,0.0,0.0,1.0
121,CHI,0.813,2006,0.35433333333333333,0.0,0.0,0.0,0.0,0.0,0.0,8.0,2.0,1.0,3.0,1.0,1.0,0.0,1.0
122,CHI,0.438,2007,0.5836666666666667,0.0,0.0,0.0,0.0,0.0,0.0,4.0,0.0,0.0,0.0,0.0,0.0,0.0,0.0
123,CHI,0.563,2008,0.3333333333333333,0.0,0.0,0.0,0.0,0.0,0.0,1.0,0.0,0.0,0.0,0.0,0.0,0.0,0.0
124,CHI,0.438,2009,0.521,0.0,0.0,0.0,0.0,0.0,0.0,2.0,0.0,1.0,1.0,0.0,0.0,0.0,0.0
125,CHI,0.688,2010,0.45833333333333326,0.0,0.0,0.0,0.0,0.0,0.0,4.0,1.0,2.0,3.0,1.0,0.0,0.0,1.0
126,CHI,0.5,2011,0.5836666666666667,0.0,0.0,0.0,0.0,0.0,0.0,6.0,0.0,0.0,0.0,0.0,0.0,0.0,0.0
127,CHI,0.625,2012,0.5209999999999999,0.0,0.0,0.0,0.0,0.0,0.0,5.0,2.0,2.0,4.0,0.0,0.0,0.0,0.0
128,CHI,0.5,2013,0.4376666666666666,0.0,0.0,0.0,0.0,0.0,0.0,5.0,0.0,0.0,0.0,0.0,0.0,0.0,0.0
129,CHI,0.313,2014,0.6253333333333334,0.0,0.0,0.0,0.0,0.0,0.0,2.0,0.0,1.0,1.0,0.0,0.0,0.0,0.0
130,CHI,0.375,2015,0.5836666666666667,0.0,0.0,0.0,0.0,0.0,0.0,1.0,0.0,0.0,0.0,0.0,0.0,0.0,0.0
131,CHI,0.188,2016,0.5626666666666666,0.0,0.0,0.0,0.0,0.0,0.0,2.0,0.0,0.0,0.0,0.0,0.0,0.0,0.0
132,CHI,0.313,2017,0.6046666666666666,0.0,0.0,0.0,0.0,0.0,0.0,0.0,0.0,0.0,0.0,0.0,0.0,0.0,0.0
133,CHI,0.75,2018,0.4373333333333334,0.0,0.0,0.0,0.0,0.0,1.0,7.0,3.0,0.0,3.0,0.0,0.0,0.0,1.0
134,CHI,0.5,2019,0.5523333333333333,0.0,0.0,0.0,0.0,0.0,0.0,4.0,0.0,0.0,0.0,0.0,0.0,0.0,0.0
135,CHI,0.5,2020,0.5213333333333333,0.0,0.0,0.0,0.0,0.0,0.0,2.0,0.0,2.0,2.0,0.0,0.0,0.0,1.0
136,CHI,0.353,2021,0.48066666666666663,0.0,0.0,0.0,0.0,0.0,0.0,1.0,0.0,2.0,2.0,0.0,0.0,0.0,0.0
138,CIN,0.25,2000,0.5003333333333333,0.0,0.0,0.0,0.0,0.0,0.0,1.0,0.0,0.0,0.0,0.0,0.0,0.0,0.0
139,CIN,0.375,2001,0.6253333333333333,0.0,0.0,0.0,0.0,0.0,0.0,1.0,0.0,0.0,0.0,0.0,0.0,0.0,0.0
140,CIN,0.125,2002,0.5523333333333333,0.0,0.0,0.0,0.0,0.0,0.0,1.0,0.0,0.0,0.0,0.0,0.0,0.0,0.0
141,CIN,0.5,2003,0.43766666666666665,0.0,0.0,0.0,0.0,0.0,0.0,2.0,0.0,2.0,2.0,0.0,0.0,0.0,0.0
142,CIN,0.5,2004,0.5836666666666667,0.0,0.0,0.0,0.0,0.0,0.0,4.0,1.0,0.0,1.0,0.0,0.0,0.0,0.0
143,CIN,0.688,2005,0.47933333333333333,0.0,0.0,0.0,0.0,0.0,1.0,4.0,2.0,1.0,3.0,0.0,0.0,0.0,1.0
144,CIN,0.5,2006,0.5209999999999999,0.0,0.0,0.0,0.0,0.0,1.0,2.0,2.0,0.0,2.0,0.0,0.0,0.0,0.0
145,CIN,0.438,2007,0.521,0.0,0.0,0.0,0.0,0.0,0.0,2.0,0.0,0.0,0.0,0.0,0.0,0.0,0.0
146,CIN,0.281,2008,0.5626666666666665,0.0,0.0,0.0,0.0,0.0,0.0,0.0,0.0,0.0,0.0,0.0,0.0,0.0,0.0
147,CIN,0.625,2009,0.4796666666666667,0.0,0.0,0.0,0.0,0.0,0.0,1.0,0.0,1.0,1.0,0.0,0.0,0.0,1.0
148,CIN,0.25,2010,0.6043333333333333,0.0,0.0,0.0,0.0,0.0,0.0,0.0,0.0,0.0,0.0,0.0,0.0,0.0,0.0
149,CIN,0.563,2011,0.5833333333333333,0.0,0.0,0.0,0.0,0.0,1.0,3.0,0.0,1.0,1.0,0.0,0.0,0.0,1.0
150,CIN,0.625,2012,0.4793333333333332,0.0,0.0,0.0,0.0,0.0,0.0,4.0,1.0,1.0,2.0,0.0,0.0,0.0,1.0
151,CIN,0.688,2013,0.4166666666666667,0.0,0.0,0.0,0.0,0.0,0.0,2.0,0.0,2.0,2.0,0.0,0.0,0.0,1.0
152,CIN,0.656,2014,0.5836666666666667,0.0,0.0,0.0,0.0,0.0,1.0,3.0,0.0,1.0,1.0,0.0,0.0,0.0,1.0
153,CIN,0.75,2015,0.3753333333333333,0.0,0.0,0.0,0.0,0.0,0.0,8.0,2.0,1.0,3.0,0.0,0.0,0.0,1.0
154,CIN,0.406,2016,0.417,0.0,0.0,0.0,0.0,0.0,1.0,4.0,0.0,0.0,0.0,0.0,0.0,0.0,0.0
155,CIN,0.438,2017,0.4586666666666666,0.0,0.0,0.0,0.0,0.0,0.0,3.0,0.0,0.0,0.0,0.0,0.0,0.0,0.0
156,CIN,0.375,2018,0.5626666666666665,0.0,0.0,0.0,0.0,0.0,0.0,1.0,0.0,0.0,0.0,0.0,0.0,0.0,0.0
157,CIN,0.125,2019,0.5833333333333334,0.0,0.0,0.0,0.0,0.0,0.0,1.0,0.0,0.0,0.0,0.0,0.0,0.0,0.0
158,CIN,0.281,2020,0.7086666666666667,0.0,0.0,0.0,0.0,0.0,0.0,0.0,0.0,1.0,1.0,0.0,0.0,0.0,0.0
159,CIN,0.588,2021,0.5003333333333333,0.0,0.0,0.0,1.0,0.0,0.0,3.0,0.0,1.0,1.0,1.0,1.0,0.0,1.0
161,CLE,0.188,2000,0.521,0.0,0.0,0.0,0.0,0.0,0.0,0.0,0.0,0.0,0.0,0.0,0.0,0.0,0.0
162,CLE,0.438,2001,0.6043333333333333,0.0,0.0,0.0,0.0,0.0,0.0,1.0,1.0,0.0,1.0,0.0,0.0,0.0,0.0
163,CLE,0.563,2002,0.4063333333333334,0.0,0.0,0.0,0.0,0.0,0.0,0.0,0.0,0.0,0.0,0.0,0.0,0.0,1.0
164,CLE,0.313,2003,0.5,0.0,0.0,0.0,0.0,0.0,0.0,0.0,0.0,0.0,0.0,0.0,0.0,0.0,0.0
165,CLE,0.25,2004,0.6669999999999999,0.0,0.0,0.0,0.0,0.0,0.0,0.0,0.0,0.0,0.0,0.0,0.0,0.0,0.0
166,CLE,0.375,2005,0.5836666666666667,0.0,0.0,0.0,0.0,0.0,0.0,0.0,0.0,0.0,0.0,0.0,0.0,0.0,0.0
167,CLE,0.25,2006,0.6043333333333333,0.0,0.0,0.0,0.0,0.0,0.0,0.0,0.0,0.0,0.0,0.0,0.0,0.0,0.0
168,CLE,0.625,2007,0.4586666666666666,0.0,0.0,0.0,0.0,0.0,1.0,5.0,0.0,1.0,1.0,0.0,0.0,0.0,0.0
169,CLE,0.25,2008,0.573,0.0,0.0,0.0,0.0,0.0,0.0,3.0,0.0,1.0,1.0,0.0,0.0,0.0,0.0
170,CLE,0.313,2009,0.5836666666666667,0.0,0.0,0.0,0.0,0.0,0.0,2.0,1.0,0.0,1.0,0.0,0.0,0.0,0.0
171,CLE,0.313,2010,0.5833333333333333,0.0,0.0,0.0,0.0,0.0,0.0,2.0,1.0,0.0,1.0,0.0,0.0,0.0,0.0
172,CLE,0.25,2011,0.6876666666666665,0.0,0.0,0.0,0.0,0.0,0.0,1.0,1.0,0.0,1.0,0.0,0.0,0.0,0.0
173,CLE,0.313,2012,0.5833333333333333,0.0,0.0,0.0,0.0,0.0,0.0,3.0,0.0,1.0,1.0,0.0,0.0,0.0,0.0
174,CLE,0.25,2013,0.5626666666666666,0.0,0.0,0.0,0.0,0.0,0.0,6.0,2.0,3.0,5.0,0.0,0.0,0.0,0.0
175,CLE,0.438,2014,0.6563333333333333,0.0,0.0,0.0,0.0,0.0,0.0,4.0,1.0,0.0,1.0,0.0,0.0,0.0,0.0
176,CLE,0.188,2015,0.5626666666666666,0.0,0.0,0.0,0.0,0.0,0.0,3.0,1.0,0.0,1.0,0.0,0.0,0.0,0.0
177,CLE,0.063,2016,0.5313333333333333,0.0,0.0,0.0,0.0,0.0,0.0,1.0,0.0,0.0,0.0,0.0,0.0,0.0,0.0
178,CLE,0.0,2017,0.6046666666666666,0.0,0.0,0.0,0.0,0.0,0.0,1.0,0.0,0.0,0.0,0.0,0.0,0.0,0.0
179,CLE,0.469,2018,0.5313333333333333,0.0,0.0,0.0,0.0,0.0,0.0,4.0,0.0,2.0,2.0,0.0,0.0,0.0,0.0
180,CLE,0.375,2019,0.5,0.0,0.0,0.0,0.0,0.0,0.0,3.0,0.0,1.0,1.0,0.0,0.0,0.0,0.0
181,CLE,0.688,2020,0.5730000000000001,0.0,0.0,0.0,0.0,0.0,0.0,3.0,2.0,2.0,4.0,0.0,0.0,0.0,1.0
182,CLE,0.471,2021,0.5393333333333333,0.0,0.0,0.0,0.0,0.0,0.0,5.0,2.0,1.0,3.0,0.0,0.0,0.0,0.0
184,DAL,0.313,2000,0.646,0.0,0.0,0.0,0.0,0.0,0.0,1.0,1.0,0.0,1.0,0.0,0.0,0.0,0.0
185,DAL,0.313,2001,0.542,0.0,0.0,0.0,0.0,0.0,0.0,2.0,1.0,0.0,1.0,0.0,0.0,0.0,0.0
186,DAL,0.313,2002,0.6043333333333333,0.0,0.0,0.0,0.0,0.0,0.0,1.0,0.0,1.0,1.0,0.0,0.0,0.0,0.0
187,DAL,0.625,2003,0.43766666666666665,0.0,0.0,0.0,0.0,0.0,0.0,5.0,1.0,2.0,3.0,0.0,0.0,0.0,1.0
188,DAL,0.375,2004,0.521,0.0,0.0,0.0,0.0,0.0,0.0,5.0,0.0,0.0,0.0,0.0,0.0,0.0,0.0
189,DAL,0.563,2005,0.5626666666666666,0.0,0.0,0.0,0.0,0.0,0.0,4.0,0.0,0.0,0.0,0.0,0.0,0.0,0.0
190,DAL,0.563,2006,0.47933333333333333,0.0,0.0,0.0,0.0,0.0,1.0,6.0,0.0,1.0,1.0,0.0,0.0,0.0,1.0
191,DAL,0.813,2007,0.5626666666666666,0.0,0.0,0.0,0.0,0.0,1.0,12.0,3.0,2.0,5.0,0.0,0.0,0.0,1.0
192,DAL,0.563,2008,0.6146666666666667,0.0,0.0,0.0,0.0,0.0,0.0,6.0,1.0,1.0,2.0,0.0,0.0,0.0,0.0
193,DAL,0.688,2009,0.47933333333333333,0.0,0.0,0.0,0.0,0.0,1.0,8.0,2.0,1.0,3.0,0.0,0.0,0.0,1.0
194,DAL,0.375,2010,0.5416666666666666,0.0,0.0,0.0,0.0,0.0,0.0,6.0,1.0,1.0,2.0,0.0,0.0,0.0,0.0
195,DAL,0.5,2011,0.4586666666666666,0.0,0.0,0.0,0.0,0.0,0.0,2.0,1.0,0.0,1.0,0.0,0.0,0.0,0.0
196,DAL,0.5,2012,0.47933333333333333,0.0,0.0,0.0,0.0,0.0,0.0,3.0,0.0,2.0,2.0,0.0,0.0,0.0,0.0
197,DAL,0.5,2013,0.417,0.0,0.0,0.0,0.0,0.0,0.0,5.0,0.0,1.0,1.0,0.0,0.0,0.0,0.0
198,DAL,0.75,2014,0.4166666666666667,0.0,1.0,0.0,0.0,0.0,1.0,7.0,4.0,2.0,6.0,0.0,0.0,0.0,1.0
199,DAL,0.25,2015,0.4586666666666666,0.0,0.0,0.0,0.0,0.0,0.0,5.0,0.0,3.0,3.0,0.0,0.0,0.0,0.0
200,DAL,0.813,2016,0.5523333333333332,0.0,0.0,0.0,1.0,0.0,1.0,6.0,5.0,0.0,5.0,0.0,0.0,0.0,1.0
201,DAL,0.563,2017,0.47966666666666663,0.0,0.0,0.0,0.0,0.0,0.0,5.0,0.0,2.0,2.0,0.0,0.0,0.0,0.0
202,DAL,0.625,2018,0.43799999999999994,0.0,0.0,0.0,0.0,0.0,1.0,6.0,1.0,3.0,4.0,0.0,0.0,0.0,1.0
203,DAL,0.5,2019,0.3336666666666666,0.0,0.0,0.0,0.0,0.0,0.0,6.0,1.0,0.0,1.0,0.0,0.0,0.0,0.0
204,DAL,0.375,2020,0.3646666666666667,0.0,0.0,0.0,0.0,0.0,0.0,0.0,0.0,0.0,0.0,0.0,0.0,0.0,0.0
205,DAL,0.706,2021,0.39199999999999996,0.0,0.0,0.0,0.0,1.0,1.0,6.0,3.0,0.0,3.0,0.0,0.0,0.0,1.0
207,DEN,0.688,2000,0.417,0.0,0.0,0.0,1.0,0.0,1.0,3.0,1.0,1.0,2.0,0.0,0.0,0.0,1.0
208,DEN,0.5,2001,0.43766666666666665,0.0,0.0,0.0,0.0,0.0,0.0,7.0,0.0,2.0,2.0,0.0,0.0,0.0,0.0
209,DEN,0.563,2002,0.5626666666666666,0.0,0.0,0.0,1.0,0.0,0.0,2.0,0.0,0.0,0.0,0.0,0.0,0.0,0.0
210,DEN,0.625,2003,0.43766666666666665,0.0,0.0,0.0,0.0,0.0,0.0,3.0,1.0,0.0,1.0,0.0,0.0,0.0,1.0
211,DEN,0.625,2004,0.5003333333333333,0.0,0.0,0.0,0.0,0.0,0.0,2.0,1.0,0.0,1.0,0.0,0.0,0.0,1.0
212,DEN,0.813,2005,0.47933333333333333,0.0,0.0,0.0,0.0,0.0,1.0,4.0,2.0,0.0,2.0,1.0,0.0,0.0,1.0
213,DEN,0.563,2006,0.521,0.0,0.0,0.0,0.0,0.0,0.0,3.0,1.0,1.0,2.0,0.0,0.0,0.0,0.0
214,DEN,0.438,2007,0.39599999999999996,0.0,0.0,0.0,0.0,0.0,0.0,2.0,0.0,1.0,1.0,0.0,0.0,0.0,0.0
215,DEN,0.5,2008,0.31266666666666665,0.0,0.0,0.0,0.0,0.0,1.0,2.0,0.0,1.0,1.0,0.0,0.0,0.0,0.0
216,DEN,0.5,2009,0.4586666666666666,0.0,0.0,0.0,0.0,0.0,0.0,5.0,2.0,1.0,3.0,0.0,0.0,0.0,0.0
217,DEN,0.25,2010,0.5626666666666666,0.0,0.0,0.0,0.0,0.0,0.0,2.0,0.0,1.0,1.0,0.0,0.0,0.0,0.0
218,DEN,0.5,2011,0.47933333333333333,0.0,0.0,0.0,0.0,1.0,0.0,6.0,0.0,1.0,1.0,0.0,0.0,0.0,1.0
219,DEN,0.813,2012,0.27099999999999996,0.0,0.0,0.0,0.0,0.0,1.0,6.0,3.0,1.0,4.0,0.0,0.0,0.0,1.0
220,DEN,0.813,2013,0.5003333333333334,1.0,1.0,0.0,0.0,0.0,1.0,4.0,2.0,1.0,3.0,1.0,1.0,0.0,1.0
221,DEN,0.75,2014,0.438,0.0,0.0,0.0,0.0,0.0,1.0,10.0,0.0,3.0,3.0,0.0,0.0,0.0,1.0
222,DEN,0.75,2015,0.4586666666666666,0.0,0.0,0.0,0.0,0.0,0.0,4.0,1.0,1.0,2.0,1.0,1.0,1.0,1.0
223,DEN,0.563,2016,0.6043333333333333,0.0,0.0,0.0,0.0,0.0,0.0,6.0,3.0,0.0,3.0,0.0,0.0,0.0,0.0
224,DEN,0.313,2017,0.521,0.0,0.0,0.0,0.0,0.0,0.0,2.0,0.0,1.0,1.0,0.0,0.0,0.0,0.0
225,DEN,0.375,2018,0.5833333333333334,0.0,0.0,0.0,0.0,0.0,0.0,4.0,0.0,1.0,1.0,0.0,0.0,0.0,0.0
226,DEN,0.438,2019,0.5003333333333333,0.0,0.0,0.0,0.0,0.0,0.0,2.0,0.0,1.0,1.0,0.0,0.0,0.0,0.0
227,DEN,0.313,2020,0.6043333333333333,0.0,0.0,0.0,0.0,0.0,0.0,2.0,0.0,1.0,1.0,0.0,0.0,0.0,0.0
228,DEN,0.412,2021,0.6076666666666667,0.0,0.0,0.0,0.0,0.0,0.0,0.0,0.0,1.0,1.0,0.0,0.0,0.0,0.0
230,DET,0.563,2000,0.5213333333333333,0.0,0.0,0.0,0.0,0.0,0.0,3.0,0.0,1.0,1.0,0.0,0.0,0.0,0.0
231,DET,0.125,2001,0.6253333333333333,0.0,0.0,0.0,0.0,0.0,0.0,1.0,0.0,0.0,0.0,0.0,0.0,0.0,0.0
232,DET,0.188,2002,0.4583333333333333,0.0,0.0,0.0,0.0,0.0,0.0,0.0,0.0,0.0,0.0,0.0,0.0,0.0,0.0
233,DET,0.313,2003,0.5419999999999999,0.0,0.0,0.0,0.0,0.0,0.0,1.0,0.0,0.0,0.0,0.0,0.0,0.0,0.0
234,DET,0.375,2004,0.47933333333333333,0.0,0.0,0.0,0.0,0.0,0.0,3.0,1.0,1.0,2.0,0.0,0.0,0.0,0.0
235,DET,0.313,2005,0.5003333333333333,0.0,0.0,0.0,0.0,0.0,0.0,1.0,0.0,0.0,0.0,0.0,0.0,0.0,0.0
236,DET,0.188,2006,0.5626666666666666,0.0,0.0,0.0,0.0,0.0,0.0,1.0,0.0,0.0,0.0,0.0,0.0,0.0,0.0
237,DET,0.438,2007,0.5836666666666667,0.0,0.0,0.0,0.0,0.0,0.0,0.0,0.0,0.0,0.0,0.0,0.0,0.0,0.0
238,DET,0.0,2008,0.521,0.0,0.0,0.0,0.0,0.0,0.0,0.0,0.0,0.0,0.0,0.0,0.0,0.0,0.0
239,DET,0.125,2009,0.6253333333333333,0.0,0.0,0.0,0.0,0.0,0.0,0.0,0.0,0.0,0.0,0.0,0.0,0.0,0.0
240,DET,0.375,2010,0.5626666666666665,0.0,0.0,0.0,0.0,1.0,0.0,2.0,1.0,1.0,2.0,0.0,0.0,0.0,0.0
241,DET,0.625,2011,0.5419999999999999,0.0,0.0,0.0,0.0,0.0,0.0,1.0,1.0,0.0,1.0,0.0,0.0,0.0,1.0
242,DET,0.25,2012,0.6459999999999999,0.0,0.0,0.0,0.0,0.0,0.0,3.0,1.0,1.0,2.0,0.0,0.0,0.0,0.0
243,DET,0.438,2013,0.45833333333333326,0.0,0.0,0.0,0.0,0.0,0.0,2.0,2.0,0.0,2.0,0.0,0.0,0.0,0.0
244,DET,0.688,2014,0.5003333333333334,0.0,0.0,0.0,0.0,0.0,1.0,4.0,1.0,2.0,3.0,0.0,0.0,0.0,1.0
245,DET,0.438,2015,0.5626666666666666,0.0,0.0,0.0,0.0,0.0,0.0,2.0,0.0,1.0,1.0,0.0,0.0,0.0,0.0
246,DET,0.563,2016,0.43766666666666665,0.0,0.0,0.0,0.0,0.0,0.0,1.0,0.0,0.0,0.0,0.0,0.0,0.0,1.0
247,DET,0.563,2017,0.5213333333333333,0.0,0.0,0.0,0.0,0.0,0.0,2.0,1.0,0.0,1.0,0.0,0.0,0.0,0.0
248,DET,0.375,2018,0.5623333333333335,0.0,0.0,0.0,0.0,0.0,0.0,2.0,0.0,0.0,0.0,0.0,0.0,0.0,0.0
249,DET,0.219,2019,0.646,0.0,0.0,0.0,0.0,0.0,0.0,2.0,0.0,0.0,0.0,0.0,0.0,0.0,0.0
250,DET,0.313,2020,0.5836666666666667,0.0,0.0,0.0,0.0,0.0,0.0,3.0,0.0,1.0,1.0,0.0,0.0,0.0,0.0
251,DET,0.206,2021,0.5296666666666666,0.0,0.0,0.0,0.0,0.0,0.0,1.0,0.0,0.0,0.0,0.0,0.0,0.0,0.0
253,GNB,0.563,2000,0.5213333333333333,0.0,0.0,0.0,0.0,0.0,0.0,1.0,1.0,0.0,1.0,0.0,0.0,0.0,0.0
254,GNB,0.75,2001,0.417,0.0,0.0,0.0,0.0,0.0,1.0,2.0,0.0,2.0,2.0,0.0,0.0,0.0,1.0
255,GNB,0.75,2002,0.27099999999999996,0.0,0.0,0.0,0.0,0.0,1.0,5.0,0.0,2.0,2.0,0.0,0.0,0.0,1.0
256,GNB,0.625,2003,0.43799999999999994,0.0,0.0,0.0,0.0,0.0,1.0,5.0,0.0,1.0,1.0,0.0,0.0,0.0,1.0
257,GNB,0.625,2004,0.39599999999999996,0.0,0.0,0.0,0.0,0.0,0.0,4.0,1.0,0.0,1.0,0.0,0.0,0.0,1.0
258,GNB,0.25,2005,0.5213333333333333,0.0,0.0,0.0,0.0,0.0,0.0,0.0,0.0,0.0,0.0,0.0,0.0,0.0,0.0
259,GNB,0.5,2006,0.4586666666666666,0.0,0.0,0.0,0.0,0.0,0.0,2.0,0.0,1.0,1.0,0.0,0.0,0.0,0.0
260,GNB,0.813,2007,0.4586666666666667,0.0,0.0,0.0,0.0,0.0,1.0,4.0,0.0,4.0,4.0,1.0,0.0,0.0,1.0
261,GNB,0.375,2008,0.39599999999999996,0.0,0.0,0.0,0.0,0.0,0.0,3.0,0.0,2.0,2.0,0.0,0.0,0.0,0.0
262,GNB,0.688,2009,0.43766666666666665,0.0,0.0,1.0,0.0,0.0,1.0,3.0,1.0,1.0,2.0,0.0,0.0,0.0,1.0
263,GNB,0.625,2010,0.4793333333333332,0.0,0.0,0.0,0.0,0.0,0.0,6.0,1.0,2.0,3.0,1.0,1.0,1.0,1.0
264,GNB,0.938,2011,0.43766666666666665,1.0,0.0,0.0,0.0,0.0,1.0,6.0,2.0,1.0,3.0,0.0,0.0,0.0,1.0
265,GNB,0.688,2012,0.49999999999999994,0.0,0.0,0.0,0.0,0.0,1.0,3.0,0.0,2.0,2.0,0.0,0.0,0.0,1.0
266,GNB,0.531,2013,0.4273333333333332,0.0,0.0,0.0,1.0,0.0,0.0,1.0,0.0,2.0,2.0,0.0,0.0,0.0,1.0
267,GNB,0.75,2014,0.4796666666666667,1.0,0.0,0.0,0.0,0.0,1.0,6.0,2.0,2.0,4.0,1.0,0.0,0.0,1.0
268,GNB,0.625,2015,0.5003333333333333,0.0,0.0,0.0,0.0,0.0,1.0,4.0,0.0,1.0,1.0,0.0,0.0,0.0,1.0
269,GNB,0.625,2016,0.417,0.0,0.0,0.0,0.0,0.0,1.0,3.0,0.0,2.0,2.0,1.0,0.0,0.0,1.0
270,GNB,0.438,2017,0.563,0.0,0.0,0.0,0.0,0.0,0.0,2.0,0.0,1.0,1.0,0.0,0.0,0.0,0.0
271,GNB,0.406,2018,0.552,0.0,0.0,0.0,0.0,0.0,1.0,1.0,1.0,0.0,1.0,0.0,0.0,0.0,0.0
272,GNB,0.813,2019,0.448,0.0,0.0,0.0,0.0,0.0,1.0,4.0,0.0,1.0,1.0,1.0,0.0,0.0,1.0
273,GNB,0.813,2020,0.41700000000000004,1.0,0.0,0.0,0.0,0.0,1.0,6.0,4.0,2.0,6.0,1.0,0.0,0.0,1.0
274,GNB,0.765,2021,0.34333333333333327,1.0,0.0,0.0,0.0,0.0,1.0,2.0,3.0,0.0,3.0,0.0,0.0,0.0,1.0
276,HOU,0.25,2002,0.5626666666666666,0.0,0.0,0.0,0.0,0.0,0.0,2.0,0.0,0.0,0.0,0.0,0.0,0.0,0.0
277,HOU,0.313,2003,0.6043333333333333,0.0,0.0,0.0,0.0,0.0,0.0,0.0,0.0,0.0,0.0,0.0,0.0,0.0,0.0
278,HOU,0.438,2004,0.542,0.0,0.0,0.0,0.0,0.0,0.0,1.0,0.0,0.0,0.0,0.0,0.0,0.0,0.0
279,HOU,0.125,2005,0.625,0.0,0.0,0.0,0.0,0.0,0.0,1.0,1.0,0.0,1.0,0.0,0.0,0.0,0.0
280,HOU,0.375,2006,0.5833333333333334,0.0,0.0,0.0,0.0,1.0,0.0,1.0,0.0,1.0,1.0,0.0,0.0,0.0,0.0
281,HOU,0.5,2007,0.7086666666666667,0.0,0.0,0.0,0.0,0.0,0.0,1.0,0.0,2.0,2.0,0.0,0.0,0.0,0.0
282,HOU,0.5,2008,0.6253333333333333,0.0,0.0,0.0,0.0,0.0,0.0,3.0,1.0,0.0,1.0,0.0,0.0,0.0,0.0
283,HOU,0.563,2009,0.6043333333333333,0.0,0.0,0.0,0.0,1.0,1.0,4.0,1.0,0.0,1.0,0.0,0.0,0.0,0.0
284,HOU,0.375,2010,0.5,0.0,0.0,0.0,0.0,0.0,0.0,3.0,2.0,0.0,2.0,0.0,0.0,0.0,0.0
285,HOU,0.625,2011,0.3336666666666666,0.0,0.0,0.0,0.0,0.0,0.0,4.0,0.0,4.0,4.0,0.0,0.0,0.0,1.0
286,HOU,0.75,2012,0.39599999999999996,0.0,0.0,1.0,0.0,0.0,1.0,8.0,2.0,1.0,3.0,0.0,0.0,0.0,1.0
287,HOU,0.125,2013,0.4586666666666666,0.0,0.0,0.0,0.0,0.0,0.0,3.0,1.0,0.0,1.0,0.0,0.0,0.0,0.0
288,HOU,0.563,2014,0.3336666666666666,0.0,0.0,1.0,0.0,0.0,0.0,3.0,1.0,0.0,1.0,0.0,0.0,0.0,0.0
289,HOU,0.563,2015,0.3336666666666666,0.0,0.0,1.0,0.0,0.0,0.0,3.0,1.0,1.0,2.0,0.0,0.0,0.0,1.0
290,HOU,0.563,2016,0.417,0.0,0.0,0.0,0.0,0.0,0.0,1.0,0.0,3.0,3.0,0.0,0.0,0.0,1.0
291,HOU,0.25,2017,0.47933333333333333,0.0,0.0,0.0,0.0,0.0,0.0,2.0,1.0,0.0,1.0,0.0,0.0,0.0,0.0
292,HOU,0.688,2018,0.5003333333333334,0.0,0.0,0.0,0.0,0.0,1.0,5.0,2.0,1.0,3.0,0.0,0.0,0.0,1.0
293,HOU,0.625,2019,0.4586666666666666,0.0,0.0,0.0,0.0,0.0,1.0,2.0,1.0,0.0,1.0,0.0,0.0,0.0,1.0
294,HOU,0.25,2020,0.47966666666666663,0.0,0.0,0.0,0.0,0.0,1.0,1.0,0.0,0.0,0.0,0.0,0.0,0.0,0.0
295,HOU,0.235,2021,0.4703333333333333,0.0,0.0,0.0,0.0,0.0,0.0,0.0,0.0,0.0,0.0,0.0,0.0,0.0,0.0
297,IND,0.625,2000,0.6255,0.0,0.0,0.0,0.0,0.0,1.0,2.0,0.0,3.0,3.0,0.0,0.0,0.0,1.0
298,IND,0.375,2001,0.4065,0.0,0.0,0.0,0.0,0.0,0.0,2.0,0.0,1.0,1.0,0.0,0.0,0.0,0.0
299,IND,0.625,2002,0.43766666666666665,0.0,0.0,0.0,0.0,0.0,1.0,1.0,1.0,0.0,1.0,0.0,0.0,0.0,1.0
300,IND,0.75,2003,0.4586666666666666,1.0,0.0,0.0,0.0,0.0,1.0,3.0,1.0,2.0,3.0,1.0,0.0,0.0,1.0
301,IND,0.75,2004,0.438,1.0,1.0,0.0,0.0,0.0,1.0,4.0,2.0,2.0,4.0,0.0,0.0,0.0,1.0
302,IND,0.875,2005,0.375,0.0,0.0,0.0,0.0,0.0,1.0,7.0,4.0,2.0,6.0,0.0,0.0,0.0,1.0
303,IND,0.75,2006,0.4583333333333333,0.0,0.0,0.0,0.0,0.0,1.0,4.0,1.0,2.0,3.0,1.0,1.0,1.0,1.0
304,IND,0.813,2007,0.6043333333333333,0.0,0.0,1.0,0.0,0.0,1.0,5.0,2.0,1.0,3.0,0.0,0.0,0.0,1.0
305,IND,0.75,2008,0.5419999999999999,1.0,0.0,0.0,0.0,0.0,1.0,3.0,1.0,0.0,1.0,0.0,0.0,0.0,1.0
306,IND,0.875,2009,0.5003333333333333,1.0,0.0,0.0,0.0,0.0,1.0,6.0,3.0,1.0,4.0,1.0,1.0,0.0,1.0
307,IND,0.625,2010,0.4166666666666667,0.0,0.0,0.0,0.0,0.0,1.0,4.0,1.0,0.0,1.0,0.0,0.0,0.0,1.0
308,IND,0.125,2011,0.5003333333333333,0.0,0.0,0.0,0.0,0.0,0.0,1.0,0.0,0.0,0.0,0.0,0.0,0.0,0.0
309,IND,0.688,2012,0.4166666666666667,0.0,0.0,0.0,0.0,0.0,1.0,2.0,0.0,0.0,0.0,0.0,0.0,0.0,1.0
310,IND,0.688,2013,0.27099999999999996,0.0,0.0,0.0,0.0,0.0,1.0,2.0,1.0,0.0,1.0,0.0,0.0,0.0,1.0
311,IND,0.688,2014,0.292,0.0,0.0,0.0,0.0,0.0,1.0,6.0,0.0,0.0,0.0,1.0,0.0,0.0,1.0
312,IND,0.5,2015,0.35466666666666663,0.0,0.0,0.0,0.0,0.0,0.0,3.0,0.0,0.0,0.0,0.0,0.0,0.0,0.0
313,IND,0.5,2016,0.43799999999999994,0.0,0.0,0.0,0.0,0.0,0.0,2.0,0.0,0.0,0.0,0.0,0.0,0.0,0.0
314,IND,0.25,2017,0.47933333333333333,0.0,0.0,0.0,0.0,0.0,0.0,2.0,0.0,0.0,0.0,0.0,0.0,0.0,0.0
315,IND,0.625,2018,0.5213333333333333,0.0,0.0,0.0,0.0,1.0,1.0,2.0,2.0,0.0,2.0,0.0,0.0,0.0,1.0
316,IND,0.438,2019,0.521,0.0,0.0,0.0,0.0,0.0,0.0,4.0,1.0,1.0,2.0,0.0,0.0,0.0,0.0
317,IND,0.688,2020,0.3336666666666666,0.0,0.0,0.0,0.0,0.0,0.0,3.0,3.0,1.0,4.0,0.0,0.0,0.0,1.0
318,IND,0.529,2021,0.37233333333333335,0.0,0.0,0.0,0.0,0.0,0.0,7.0,2.0,1.0,3.0,0.0,0.0,0.0,0.0
320,JAX,0.438,2000,0.719,0.0,0.0,0.0,0.0,0.0,0.0,2.0,0.0,0.0,0.0,0.0,0.0,0.0,0.0
321,JAX,0.375,2001,0.4065,0.0,0.0,0.0,0.0,0.0,0.0,2.0,0.0,0.0,0.0,0.0,0.0,0.0,0.0
322,JAX,0.375,2002,0.521,0.0,0.0,0.0,0.0,0.0,0.0,1.0,0.0,0.0,0.0,0.0,0.0,0.0,0.0
323,JAX,0.313,2003,0.6043333333333333,0.0,0.0,0.0,0.0,0.0,0.0,1.0,0.0,1.0,1.0,0.0,0.0,0.0,0.0
324,JAX,0.563,2004,0.5003333333333334,0.0,0.0,0.0,0.0,0.0,0.0,2.0,0.0,0.0,0.0,0.0,0.0,0.0,0.0
325,JAX,0.75,2005,0.4166666666666667,0.0,0.0,0.0,0.0,0.0,0.0,1.0,0.0,1.0,1.0,0.0,0.0,0.0,1.0
326,JAX,0.5,2006,0.5416666666666666,0.0,0.0,0.0,0.0,0.0,0.0,2.0,1.0,1.0,2.0,0.0,0.0,0.0,0.0
327,JAX,0.688,2007,0.646,0.0,0.0,0.0,0.0,0.0,0.0,1.0,0.0,1.0,1.0,0.0,0.0,0.0,1.0
328,JAX,0.313,2008,0.6876666666666665,0.0,0.0,0.0,0.0,0.0,0.0,0.0,0.0,0.0,0.0,0.0,0.0,0.0,0.0
329,JAX,0.438,2009,0.646,0.0,0.0,0.0,0.0,0.0,1.0,1.0,0.0,0.0,0.0,0.0,0.0,0.0,0.0
330,JAX,0.5,2010,0.4583333333333333,0.0,0.0,0.0,0.0,0.0,0.0,3.0,0.0,0.0,0.0,0.0,0.0,0.0,0.0
331,JAX,0.313,2011,0.43766666666666665,0.0,0.0,0.0,0.0,0.0,0.0,2.0,1.0,0.0,1.0,0.0,0.0,0.0,0.0
332,JAX,0.125,2012,0.6043333333333333,0.0,0.0,0.0,0.0,0.0,0.0,0.0,0.0,0.0,0.0,0.0,0.0,0.0,0.0
333,JAX,0.25,2013,0.417,0.0,0.0,0.0,0.0,0.0,0.0,1.0,0.0,0.0,0.0,0.0,0.0,0.0,0.0
334,JAX,0.188,2014,0.4586666666666666,0.0,0.0,0.0,0.0,0.0,0.0,0.0,0.0,0.0,0.0,0.0,0.0,0.0,0.0
335,JAX,0.313,2015,0.417,0.0,0.0,0.0,0.0,0.0,0.0,1.0,0.0,0.0,0.0,0.0,0.0,0.0,0.0
336,JAX,0.188,2016,0.5419999999999999,0.0,0.0,0.0,0.0,0.0,0.0,0.0,0.0,0.0,0.0,0.0,0.0,0.0,0.0
337,JAX,0.625,2017,0.35433333333333333,0.0,0.0,0.0,0.0,0.0,0.0,6.0,2.0,3.0,5.0,1.0,0.0,0.0,1.0
338,JAX,0.313,2018,0.6253333333333334,0.0,0.0,0.0,0.0,0.0,0.0,2.0,0.0,0.0,0.0,0.0,0.0,0.0,0.0
339,JAX,0.375,2019,0.5419999999999999,0.0,0.0,0.0,0.0,0.0,0.0,3.0,0.0,0.0,0.0,0.0,0.0,0.0,0.0
340,JAX,0.063,2020,0.5419999999999999,0.0,0.0,0.0,0.0,0.0,0.0,0.0,0.0,0.0,0.0,0.0,0.0,0.0,0.0
341,JAX,0.176,2021,0.49,0.0,0.0,0.0,0.0,0.0,0.0,0.0,0.0,0.0,0.0,0.0,0.0,0.0,0.0
343,KAN,0.438,2000,0.5003333333333333,0.0,0.0,0.0,0.0,0.0,1.0,2.0,1.0,0.0,1.0,0.0,0.0,0.0,0.0
344,KAN,0.375,2001,0.47933333333333333,0.0,0.0,0.0,0.0,0.0,0.0,3.0,2.0,0.0,2.0,0.0,0.0,0.0,0.0
345,KAN,0.5,2002,0.5836666666666667,0.0,1.0,0.0,0.0,0.0,0.0,5.0,2.0,2.0,4.0,0.0,0.0,0.0,0.0
346,KAN,0.813,2003,0.375,0.0,0.0,0.0,0.0,0.0,1.0,8.0,5.0,0.0,5.0,0.0,0.0,0.0,1.0
347,KAN,0.438,2004,0.5626666666666666,0.0,0.0,0.0,0.0,0.0,0.0,6.0,2.0,3.0,5.0,0.0,0.0,0.0,0.0
348,KAN,0.625,2005,0.5419999999999999,0.0,0.0,0.0,0.0,0.0,1.0,5.0,1.0,3.0,4.0,0.0,0.0,0.0,0.0
349,KAN,0.563,2006,0.521,0.0,0.0,0.0,0.0,0.0,0.0,4.0,1.0,2.0,3.0,0.0,0.0,0.0,1.0
350,KAN,0.25,2007,0.4586666666666666,0.0,0.0,0.0,0.0,0.0,0.0,2.0,1.0,1.0,2.0,0.0,0.0,0.0,0.0
351,KAN,0.125,2008,0.43766666666666665,0.0,0.0,0.0,0.0,0.0,0.0,2.0,1.0,0.0,1.0,0.0,0.0,0.0,0.0
352,KAN,0.25,2009,0.5419999999999999,0.0,0.0,0.0,0.0,0.0,0.0,0.0,0.0,0.0,0.0,0.0,0.0,0.0,0.0
353,KAN,0.625,2010,0.43766666666666665,0.0,0.0,0.0,0.0,0.0,1.0,4.0,1.0,1.0,2.0,0.0,0.0,0.0,1.0
354,KAN,0.438,2011,0.5,0.0,0.0,0.0,0.0,0.0,0.0,2.0,1.0,1.0,2.0,0.0,0.0,0.0,0.0
355,KAN,0.125,2012,0.5003333333333333,0.0,0.0,0.0,0.0,0.0,0.0,6.0,0.0,1.0,1.0,0.0,0.0,0.0,0.0
356,KAN,0.688,2013,0.542,0.0,0.0,0.0,0.0,0.0,1.0,9.0,2.0,2.0,4.0,0.0,0.0,0.0,1.0
357,KAN,0.563,2014,0.5003333333333334,0.0,0.0,0.0,0.0,0.0,0.0,4.0,1.0,1.0,2.0,0.0,0.0,0.0,0.0
358,KAN,0.688,2015,0.47933333333333333,0.0,0.0,0.0,0.0,1.0,0.0,6.0,1.0,2.0,3.0,0.0,0.0,0.0,1.0
359,KAN,0.75,2016,0.5419999999999999,0.0,0.0,0.0,0.0,0.0,1.0,6.0,3.0,1.0,4.0,0.0,0.0,0.0,1.0
360,KAN,0.625,2017,0.417,0.0,0.0,0.0,0.0,0.0,1.0,3.0,0.0,2.0,2.0,0.0,0.0,0.0,1.0
361,KAN,0.75,2018,0.4583333333333333,1.0,1.0,0.0,0.0,0.0,1.0,5.0,4.0,2.0,6.0,1.0,0.0,0.0,1.0
362,KAN,0.75,2019,0.39633333333333326,0.0,0.0,0.0,0.0,0.0,1.0,5.0,1.0,3.0,4.0,1.0,1.0,1.0,1.0
363,KAN,0.875,2020,0.417,0.0,0.0,0.0,0.0,0.0,1.0,6.0,3.0,2.0,5.0,1.0,1.0,0.0,1.0
364,KAN,0.706,2021,0.5096666666666666,0.0,0.0,0.0,0.0,0.0,1.0,6.0,0.0,2.0,2.0,1.0,0.0,0.0,1.0
366,MIA,0.688,2000,0.4586666666666667,0.0,0.0,0.0,0.0,0.0,0.0,7.0,2.0,1.0,3.0,0.0,0.0,0.0,1.0
367,MIA,0.688,2001,0.5003333333333334,0.0,0.0,0.0,0.0,0.0,0.0,2.0,0.0,3.0,3.0,0.0,0.0,0.0,1.0
368,MIA,0.563,2002,0.542,0.0,0.0,0.0,0.0,0.0,0.0,7.0,4.0,0.0,4.0,0.0,0.0,0.0,0.0
369,MIA,0.625,2003,0.5416666666666666,0.0,0.0,0.0,0.0,0.0,0.0,4.0,1.0,1.0,2.0,0.0,0.0,0.0,0.0
370,MIA,0.25,2004,0.6876666666666665,0.0,0.0,0.0,0.0,0.0,0.0,2.0,0.0,0.0,0.0,0.0,0.0,0.0,0.0
371,MIA,0.563,2005,0.39599999999999996,0.0,0.0,0.0,0.0,0.0,0.0,3.0,0.0,1.0,1.0,0.0,0.0,0.0,0.0
372,MIA,0.375,2006,0.6043333333333333,0.0,0.0,1.0,0.0,0.0,0.0,2.0,2.0,0.0,2.0,0.0,0.0,0.0,0.0
373,MIA,0.063,2007,0.5626666666666666,0.0,0.0,0.0,0.0,0.0,0.0,1.0,0.0,0.0,0.0,0.0,0.0,0.0,0.0
374,MIA,0.688,2008,0.563,0.0,0.0,0.0,0.0,0.0,0.0,3.0,0.0,1.0,1.0,0.0,0.0,0.0,1.0
375,MIA,0.438,2009,0.521,0.0,0.0,0.0,0.0,0.0,0.0,3.0,0.0,1.0,1.0,0.0,0.0,0.0,0.0
376,MIA,0.438,2010,0.6043333333333333,0.0,0.0,0.0,0.0,0.0,0.0,4.0,1.0,1.0,2.0,0.0,0.0,0.0,0.0
377,MIA,0.375,2011,0.5626666666666665,0.0,0.0,0.0,0.0,0.0,0.0,3.0,0.0,0.0,0.0,0.0,0.0,0.0,0.0
378,MIA,0.438,2012,0.5,0.0,0.0,0.0,0.0,0.0,0.0,4.0,1.0,0.0,1.0,0.0,0.0,0.0,0.0
379,MIA,0.5,2013,0.5416666666666666,0.0,0.0,0.0,0.0,0.0,0.0,4.0,0.0,0.0,0.0,0.0,0.0,0.0,0.0
380,MIA,0.5,2014,0.5209999999999999,0.0,0.0,0.0,0.0,0.0,0.0,3.0,0.0,2.0,2.0,0.0,0.0,0.0,0.0
381,MIA,0.375,2015,0.625,0.0,0.0,0.0,0.0,0.0,0.0,5.0,0.0,0.0,0.0,0.0,0.0,0.0,0.0
382,MIA,0.625,2016,0.5419999999999999,0.0,0.0,0.0,0.0,0.0,0.0,4.0,0.0,2.0,2.0,0.0,0.0,0.0,1.0
383,MIA,0.375,2017,0.5630000000000001,0.0,0.0,0.0,0.0,0.0,0.0,2.0,0.0,0.0,0.0,0.0,0.0,0.0,0.0
384,MIA,0.438,2018,0.43766666666666665,0.0,0.0,0.0,0.0,0.0,0.0,1.0,0.0,1.0,1.0,0.0,0.0,0.0,0.0
385,MIA,0.313,2019,0.6043333333333333,0.0,0.0,0.0,0.0,0.0,0.0,0.0,0.0,0.0,0.0,0.0,0.0,0.0,0.0
386,MIA,0.625,2020,0.4586666666666666,0.0,0.0,0.0,0.0,0.0,0.0,1.0,1.0,0.0,1.0,0.0,0.0,0.0,0.0
387,MIA,0.529,2021,0.49000000000000005,0.0,0.0,0.0,0.0,0.0,0.0,1.0,0.0,0.0,0.0,0.0,0.0,0.0,0.0
389,MIN,0.688,2000,0.47966666666666663,0.0,0.0,0.0,0.0,0.0,1.0,6.0,1.0,1.0,2.0,1.0,0.0,0.0,1.0
390,MIN,0.313,2001,0.5626666666666666,0.0,0.0,0.0,0.0,0.0,0.0,2.0,0.0,0.0,0.0,0.0,0.0,0.0,0.0
391,MIN,0.375,2002,0.39599999999999996,0.0,0.0,0.0,0.0,0.0,0.0,2.0,0.0,1.0,1.0,0.0,0.0,0.0,0.0
392,MIN,0.563,2003,0.4586666666666666,0.0,0.0,0.0,0.0,0.0,1.0,3.0,1.0,1.0,2.0,0.0,0.0,0.0,0.0
393,MIN,0.5,2004,0.43766666666666665,0.0,0.0,0.0,0.0,0.0,1.0,2.0,1.0,0.0,1.0,0.0,0.0,0.0,1.0
394,MIN,0.563,2005,0.417,0.0,0.0,0.0,0.0,0.0,0.0,2.0,0.0,1.0,1.0,0.0,0.0,0.0,0.0
395,MIN,0.375,2006,0.5003333333333333,0.0,0.0,0.0,0.0,0.0,0.0,4.0,1.0,1.0,2.0,0.0,0.0,0.0,0.0
396,MIN,0.5,2007,0.5630000000000001,0.0,0.0,0.0,1.0,0.0,0.0,7.0,2.0,4.0,6.0,0.0,0.0,0.0,0.0
397,MIN,0.625,2008,0.31266666666666665,0.0,0.0,0.0,0.0,0.0,0.0,6.0,4.0,1.0,5.0,0.0,0.0,0.0,1.0
398,MIN,0.75,2009,0.417,0.0,0.0,0.0,1.0,0.0,1.0,9.0,4.0,0.0,4.0,1.0,0.0,0.0,1.0
399,MIN,0.375,2010,0.5626666666666665,0.0,0.0,0.0,0.0,0.0,0.0,4.0,0.0,1.0,1.0,0.0,0.0,0.0,0.0
400,MIN,0.188,2011,0.6876666666666665,0.0,0.0,0.0,0.0,0.0,0.0,2.0,1.0,0.0,1.0,0.0,0.0,0.0,0.0
401,MIN,0.625,2012,0.5209999999999999,1.0,1.0,0.0,0.0,0.0,0.0,7.0,1.0,2.0,3.0,0.0,0.0,0.0,1.0
402,MIN,0.344,2013,0.48966666666666664,0.0,0.0,0.0,0.0,0.0,0.0,2.0,0.0,1.0,1.0,0.0,0.0,0.0,0.0
403,MIN,0.438,2014,0.5836666666666667,0.0,0.0,0.0,0.0,0.0,0.0,0.0,0.0,0.0,0.0,0.0,0.0,0.0,0.0
404,MIN,0.688,2015,0.47933333333333333,0.0,0.0,0.0,0.0,0.0,1.0,4.0,1.0,0.0,1.0,0.0,0.0,0.0,1.0
405,MIN,0.5,2016,0.4586666666666666,0.0,0.0,0.0,0.0,0.0,0.0,6.0,0.0,0.0,0.0,0.0,0.0,0.0,0.0
406,MIN,0.813,2017,0.43799999999999994,0.0,0.0,0.0,0.0,0.0,0.0,7.0,2.0,3.0,5.0,1.0,0.0,0.0,1.0
407,MIN,0.531,2018,0.5103333333333334,0.0,0.0,0.0,0.0,0.0,0.0,4.0,0.0,2.0,2.0,0.0,0.0,0.0,0.0
408,MIN,0.625,2019,0.5106666666666667,0.0,0.0,0.0,0.0,0.0,1.0,7.0,1.0,0.0,1.0,0.0,0.0,0.0,1.0
409,MIN,0.438,2020,0.542,0.0,0.0,0.0,0.0,0.0,0.0,2.0,0.0,1.0,1.0,0.0,0.0,0.0,0.0
410,MIN,0.471,2021,0.4413333333333333,0.0,0.0,0.0,0.0,0.0,1.0,4.0,0.0,1.0,1.0,0.0,0.0,0.0,0.0
412,NWE,0.313,2000,0.5836666666666667,0.0,0.0,0.0,0.0,0.0,0.0,0.0,0.0,0.0,0.0,0.0,0.0,0.0,0.0
413,NWE,0.688,2001,0.5003333333333334,0.0,0.0,0.0,0.0,0.0,1.0,3.0,0.0,0.0,0.0,1.0,1.0,1.0,1.0
414,NWE,0.563,2002,0.542,0.0,0.0,0.0,0.0,0.0,0.0,6.0,0.0,0.0,0.0,0.0,0.0,0.0,0.0
415,NWE,0.875,2003,0.4583333333333333,0.0,0.0,0.0,0.0,0.0,0.0,3.0,3.0,1.0,4.0,1.0,1.0,1.0,1.0
416,NWE,0.875,2004,0.4793333333333332,0.0,0.0,0.0,0.0,0.0,1.0,5.0,1.0,2.0,3.0,1.0,1.0,1.0,1.0
417,NWE,0.625,2005,0.3753333333333333,0.0,0.0,0.0,0.0,0.0,1.0,1.0,1.0,1.0,2.0,0.0,0.0,0.0,1.0
418,NWE,0.75,2006,0.4793333333333332,0.0,0.0,0.0,0.0,0.0,0.0,2.0,0.0,1.0,1.0,1.0,0.0,0.0,1.0
419,NWE,1.0,2007,0.2503333333333333,1.0,1.0,0.0,0.0,0.0,1.0,7.0,5.0,4.0,9.0,1.0,1.0,0.0,1.0
420,NWE,0.688,2008,0.563,0.0,0.0,0.0,0.0,1.0,0.0,2.0,0.0,1.0,1.0,0.0,0.0,0.0,0.0
421,NWE,0.625,2009,0.4586666666666666,0.0,0.0,0.0,0.0,0.0,1.0,4.0,1.0,1.0,2.0,0.0,0.0,0.0,1.0
422,NWE,0.875,2010,0.4586666666666666,1.0,1.0,0.0,0.0,0.0,1.0,7.0,3.0,3.0,6.0,0.0,0.0,0.0,1.0
423,NWE,0.813,2011,0.4166666666666666,0.0,0.0,0.0,0.0,0.0,1.0,7.0,2.0,2.0,4.0,1.0,1.0,0.0,1.0
424,NWE,0.75,2012,0.39599999999999996,0.0,0.0,0.0,0.0,0.0,1.0,6.0,1.0,1.0,2.0,1.0,0.0,0.0,1.0
425,NWE,0.75,2013,0.4583333333333333,0.0,0.0,0.0,0.0,0.0,1.0,4.0,0.0,3.0,3.0,1.0,0.0,0.0,1.0
426,NWE,0.75,2014,0.4376666666666666,0.0,0.0,0.0,0.0,0.0,1.0,4.0,2.0,0.0,2.0,1.0,1.0,1.0,1.0
427,NWE,0.75,2015,0.5,0.0,0.0,0.0,0.0,0.0,1.0,6.0,1.0,1.0,2.0,1.0,0.0,0.0,1.0
428,NWE,0.875,2016,0.4586666666666666,0.0,0.0,0.0,0.0,0.0,1.0,3.0,0.0,5.0,5.0,1.0,1.0,1.0,1.0
429,NWE,0.813,2017,0.41700000000000004,1.0,0.0,0.0,0.0,0.0,1.0,3.0,2.0,0.0,2.0,1.0,1.0,0.0,1.0
430,NWE,0.688,2018,0.35433333333333333,0.0,0.0,0.0,0.0,0.0,1.0,1.0,1.0,0.0,1.0,1.0,1.0,1.0,1.0
431,NWE,0.75,2019,0.4586666666666666,0.0,0.0,1.0,0.0,0.0,0.0,3.0,1.0,1.0,2.0,0.0,0.0,0.0,1.0
432,NWE,0.438,2020,0.521,0.0,0.0,0.0,0.0,0.0,0.0,3.0,0.0,0.0,0.0,0.0,0.0,0.0,0.0
433,NWE,0.588,2021,0.4703333333333333,0.0,0.0,0.0,0.0,0.0,1.0,3.0,0.0,1.0,1.0,0.0,0.0,0.0,1.0
435,NOR,0.625,2000,0.43766666666666665,0.0,0.0,0.0,0.0,0.0,0.0,6.0,2.0,1.0,3.0,0.0,0.0,0.0,1.0
436,NOR,0.438,2001,0.3546666666666667,0.0,0.0,0.0,0.0,0.0,0.0,3.0,0.0,1.0,1.0,0.0,0.0,0.0,0.0
437,NOR,0.563,2002,0.594,0.0,0.0,0.0,0.0,0.0,0.0,4.0,1.0,0.0,1.0,0.0,0.0,0.0,0.0
438,NOR,0.5,2003,0.47966666666666663,0.0,0.0,0.0,0.0,0.0,0.0,2.0,0.0,0.0,0.0,0.0,0.0,0.0,0.0
439,NOR,0.5,2004,0.47966666666666663,0.0,0.0,0.0,0.0,0.0,0.0,2.0,0.0,0.0,0.0,0.0,0.0,0.0,0.0
440,NOR,0.188,2005,0.6253333333333334,0.0,0.0,0.0,0.0,0.0,0.0,1.0,0.0,0.0,0.0,0.0,0.0,0.0,0.0
441,NOR,0.625,2006,0.39599999999999996,0.0,0.0,0.0,0.0,0.0,1.0,2.0,2.0,1.0,3.0,1.0,0.0,0.0,1.0
442,NOR,0.438,2007,0.417,0.0,0.0,0.0,0.0,0.0,0.0,0.0,0.0,0.0,0.0,0.0,0.0,0.0,0.0
443,NOR,0.5,2008,0.6669999999999999,0.0,1.0,0.0,0.0,0.0,1.0,1.0,0.0,1.0,1.0,0.0,0.0,0.0,0.0
444,NOR,0.813,2009,0.41700000000000004,0.0,0.0,0.0,0.0,0.0,1.0,6.0,2.0,1.0,3.0,1.0,1.0,1.0,1.0
445,NOR,0.688,2010,0.521,0.0,0.0,0.0,0.0,0.0,1.0,4.0,1.0,3.0,4.0,0.0,0.0,0.0,1.0
446,NOR,0.813,2011,0.4166666666666666,0.0,1.0,0.0,0.0,0.0,1.0,4.0,2.0,2.0,4.0,0.0,0.0,0.0,1.0
447,NOR,0.438,2012,0.563,0.0,0.0,0.0,0.0,0.0,1.0,3.0,1.0,0.0,1.0,0.0,0.0,0.0,0.0
448,NOR,0.688,2013,0.4166666666666667,0.0,0.0,0.0,0.0,0.0,1.0,4.0,1.0,1.0,2.0,0.0,0.0,0.0,1.0
449,NOR,0.438,2014,0.323,0.0,0.0,0.0,0.0,0.0,1.0,3.0,0.0,0.0,0.0,0.0,0.0,0.0,0.0
450,NOR,0.438,2015,0.6043333333333333,0.0,0.0,0.0,0.0,0.0,0.0,1.0,0.0,0.0,0.0,0.0,0.0,0.0,0.0
451,NOR,0.438,2016,0.542,0.0,0.0,0.0,0.0,0.0,1.0,0.0,0.0,0.0,0.0,0.0,0.0,0.0,0.0
452,NOR,0.688,2017,0.542,0.0,0.0,0.0,1.0,1.0,1.0,6.0,1.0,1.0,2.0,0.0,0.0,0.0,1.0
453,NOR,0.813,2018,0.3963333333333334,0.0,0.0,0.0,0.0,0.0,1.0,7.0,1.0,4.0,5.0,1.0,0.0,0.0,1.0
454,NOR,0.813,2019,0.3963333333333334,0.0,1.0,0.0,0.0,0.0,1.0,10.0,3.0,1.0,4.0,0.0,0.0,0.0,1.0
455,NOR,0.75,2020,0.417,0.0,0.0,0.0,0.0,0.0,0.0,5.0,0.0,3.0,3.0,0.0,0.0,0.0,1.0
456,NOR,0.529,2021,0.49033333333333334,0.0,0.0,0.0,0.0,0.0,0.0,4.0,0.0,1.0,1.0,0.0,0.0,0.0,0.0
458,NYG,0.75,2000,0.5003333333333333,0.0,0.0,0.0,0.0,0.0,0.0,2.0,0.0,2.0,2.0,1.0,1.0,0.0,1.0
459,NYG,0.438,2001,0.5003333333333334,0.0,0.0,1.0,0.0,0.0,0.0,3.0,1.0,0.0,1.0,0.0,0.0,0.0,0.0
460,NYG,0.625,2002,0.5003333333333333,0.0,0.0,0.0,0.0,0.0,0.0,2.0,1.0,1.0,2.0,0.0,0.0,0.0,1.0
461,NYG,0.25,2003,0.5626666666666666,0.0,0.0,0.0,0.0,0.0,0.0,2.0,1.0,0.0,1.0,0.0,0.0,0.0,0.0
462,NYG,0.375,2004,0.521,0.0,0.0,0.0,0.0,0.0,0.0,1.0,0.0,0.0,0.0,0.0,0.0,0.0,0.0
463,NYG,0.688,2005,0.521,0.0,0.0,0.0,0.0,0.0,0.0,5.0,2.0,1.0,3.0,0.0,0.0,0.0,1.0
464,NYG,0.5,2006,0.5003333333333333,0.0,0.0,0.0,0.0,0.0,0.0,3.0,0.0,0.0,0.0,0.0,0.0,0.0,1.0
465,NYG,0.625,2007,0.6253333333333333,0.0,0.0,0.0,0.0,0.0,0.0,1.0,0.0,0.0,0.0,1.0,1.0,1.0,1.0
466,NYG,0.75,2008,0.5523333333333333,0.0,0.0,0.0,0.0,0.0,1.0,6.0,2.0,3.0,5.0,0.0,0.0,0.0,1.0
467,NYG,0.5,2009,0.5419999999999999,0.0,0.0,0.0,0.0,0.0,0.0,4.0,0.0,0.0,0.0,0.0,0.0,0.0,0.0
468,NYG,0.625,2010,0.4583333333333333,0.0,0.0,0.0,0.0,0.0,0.0,5.0,0.0,4.0,4.0,0.0,0.0,0.0,0.0
469,NYG,0.563,2011,0.43766666666666665,0.0,0.0,0.0,0.0,0.0,1.0,1.0,1.0,1.0,2.0,1.0,1.0,1.0,1.0
470,NYG,0.563,2012,0.4583333333333333,0.0,0.0,0.0,0.0,0.0,1.0,3.0,0.0,0.0,0.0,0.0,0.0,0.0,0.0
471,NYG,0.438,2013,0.43766666666666665,0.0,0.0,0.0,0.0,0.0,0.0,1.0,0.0,1.0,1.0,0.0,0.0,0.0,0.0
472,NYG,0.375,2014,0.5416666666666666,0.0,0.0,0.0,1.0,0.0,0.0,1.0,0.0,0.0,0.0,0.0,0.0,0.0,0.0
473,NYG,0.375,2015,0.417,0.0,0.0,0.0,0.0,0.0,1.0,3.0,0.0,1.0,1.0,0.0,0.0,0.0,0.0
474,NYG,0.688,2016,0.594,0.0,0.0,0.0,0.0,0.0,0.0,4.0,2.0,4.0,6.0,0.0,0.0,0.0,1.0
475,NYG,0.188,2017,0.6046666666666666,0.0,0.0,0.0,0.0,0.0,0.0,1.0,0.0,0.0,0.0,0.0,0.0,0.0,0.0
476,NYG,0.313,2018,0.5419999999999999,0.0,0.0,0.0,1.0,0.0,0.0,5.0,0.0,0.0,0.0,0.0,0.0,0.0,0.0
477,NYG,0.25,2019,0.417,0.0,0.0,0.0,0.0,0.0,0.0,0.0,0.0,0.0,0.0,0.0,0.0,0.0,0.0
478,NYG,0.375,2020,0.3646666666666667,0.0,0.0,0.0,0.0,0.0,0.0,2.0,0.0,0.0,0.0,0.0,0.0,0.0,0.0
479,NYG,0.235,2021,0.5489999999999999,0.0,0.0,0.0,0.0,0.0,0.0,0.0,0.0,0.0,0.0,0.0,0.0,0.0,0.0
481,NYJ,0.563,2000,0.5003333333333334,0.0,0.0,0.0,0.0,0.0,0.0,3.0,0.0,2.0,2.0,0.0,0.0,0.0,0.0
482,NYJ,0.625,2001,0.5213333333333333,0.0,0.0,0.0,0.0,0.0,0.0,3.0,2.0,1.0,3.0,0.0,0.0,0.0,1.0
483,NYJ,0.563,2002,0.542,0.0,0.0,0.0,0.0,0.0,0.0,2.0,0.0,1.0,1.0,0.0,0.0,0.0,1.0
484,NYJ,0.375,2003,0.625,0.0,0.0,0.0,0.0,0.0,0.0,2.0,0.0,0.0,0.0,0.0,0.0,0.0,0.0
485,NYJ,0.625,2004,0.5626666666666665,0.0,0.0,0.0,0.0,1.0,0.0,3.0,1.0,1.0,2.0,0.0,0.0,0.0,1.0
486,NYJ,0.25,2005,0.5003333333333333,0.0,0.0,0.0,0.0,0.0,0.0,2.0,0.0,0.0,0.0,0.0,0.0,0.0,0.0
487,NYJ,0.625,2006,0.5209999999999999,0.0,0.0,0.0,0.0,0.0,0.0,1.0,0.0,1.0,1.0,0.0,0.0,0.0,1.0
488,NYJ,0.25,2007,0.5003333333333333,0.0,0.0,0.0,0.0,0.0,0.0,0.0,0.0,0.0,0.0,0.0,0.0,0.0,0.0
489,NYJ,0.563,2008,0.6046666666666666,0.0,0.0,0.0,0.0,0.0,1.0,6.0,0.0,2.0,2.0,0.0,0.0,0.0,0.0
490,NYJ,0.563,2009,0.47933333333333333,0.0,0.0,0.0,0.0,0.0,0.0,5.0,2.0,1.0,3.0,1.0,0.0,0.0,1.0
491,NYJ,0.688,2010,0.521,0.0,0.0,0.0,0.0,0.0,0.0,3.0,2.0,0.0,2.0,1.0,0.0,0.0,1.0
492,NYJ,0.5,2011,0.5209999999999999,0.0,0.0,0.0,0.0,0.0,0.0,4.0,1.0,1.0,2.0,0.0,0.0,0.0,0.0
493,NYJ,0.375,2012,0.521,0.0,0.0,0.0,0.0,0.0,0.0,2.0,0.0,0.0,0.0,0.0,0.0,0.0,0.0
494,NYJ,0.5,2013,0.5416666666666666,0.0,0.0,0.0,0.0,1.0,0.0,2.0,0.0,1.0,1.0,0.0,0.0,0.0,0.0
495,NYJ,0.25,2014,0.6043333333333333,0.0,0.0,0.0,0.0,0.0,0.0,2.0,0.0,0.0,0.0,0.0,0.0,0.0,0.0
496,NYJ,0.625,2015,0.5416666666666666,0.0,0.0,0.0,0.0,0.0,0.0,5.0,0.0,2.0,2.0,0.0,0.0,0.0,0.0
497,NYJ,0.313,2016,0.646,0.0,0.0,0.0,0.0,0.0,0.0,1.0,0.0,0.0,0.0,0.0,0.0,0.0,0.0
498,NYJ,0.313,2017,0.5836666666666667,0.0,0.0,0.0,0.0,0.0,0.0,0.0,0.0,0.0,0.0,0.0,0.0,0.0,0.0
499,NYJ,0.25,2018,0.5003333333333333,0.0,0.0,0.0,0.0,0.0,0.0,3.0,0.0,1.0,1.0,0.0,0.0,0.0,0.0
500,NYJ,0.438,2019,0.5626666666666666,0.0,0.0,0.0,0.0,0.0,0.0,1.0,1.0,0.0,1.0,0.0,0.0,0.0,0.0
501,NYJ,0.125,2020,0.6253333333333333,0.0,0.0,0.0,0.0,0.0,0.0,0.0,0.0,0.0,0.0,0.0,0.0,0.0,0.0
502,NYJ,0.235,2021,0.5880000000000001,0.0,0.0,0.0,0.0,0.0,0.0,0.0,0.0,0.0,0.0,0.0,0.0,0.0,0.0
504,LVR,0.75,2000,0.39633333333333326,0.0,0.0,0.0,0.0,0.0,1.0,3.0,1.0,2.0,3.0,1.0,0.0,0.0,1.0
505,LVR,0.625,2001,0.39599999999999996,0.0,0.0,0.0,0.0,0.0,1.0,4.0,0.0,1.0,1.0,0.0,0.0,0.0,1.0
506,LVR,0.688,2002,0.521,1.0,0.0,0.0,0.0,0.0,1.0,4.0,4.0,1.0,5.0,1.0,1.0,0.0,1.0
507,LVR,0.25,2003,0.5626666666666666,0.0,0.0,0.0,0.0,0.0,0.0,0.0,0.0,0.0,0.0,0.0,0.0,0.0,0.0
508,LVR,0.313,2004,0.6043333333333333,0.0,0.0,0.0,0.0,0.0,0.0,1.0,0.0,0.0,0.0,0.0,0.0,0.0,0.0
509,LVR,0.25,2005,0.6669999999999999,0.0,0.0,0.0,0.0,0.0,0.0,1.0,0.0,1.0,1.0,0.0,0.0,0.0,0.0
510,LVR,0.125,2006,0.6669999999999999,0.0,0.0,0.0,0.0,0.0,0.0,1.0,0.0,1.0,1.0,0.0,0.0,0.0,0.0
511,LVR,0.25,2007,0.4586666666666666,0.0,0.0,0.0,0.0,0.0,0.0,1.0,0.0,0.0,0.0,0.0,0.0,0.0,0.0
512,LVR,0.313,2008,0.375,0.0,0.0,0.0,0.0,0.0,0.0,2.0,1.0,0.0,1.0,0.0,0.0,0.0,0.0
513,LVR,0.313,2009,0.521,0.0,0.0,0.0,0.0,0.0,0.0,3.0,0.0,1.0,1.0,0.0,0.0,0.0,0.0
514,LVR,0.5,2010,0.47933333333333333,0.0,0.0,0.0,0.0,0.0,0.0,4.0,1.0,1.0,2.0,0.0,0.0,0.0,0.0
515,LVR,0.5,2011,0.47933333333333333,0.0,0.0,0.0,0.0,0.0,0.0,4.0,0.0,1.0,1.0,0.0,0.0,0.0,0.0
516,LVR,0.25,2012,0.4586666666666666,0.0,0.0,0.0,0.0,0.0,0.0,1.0,0.0,0.0,0.0,0.0,0.0,0.0,0.0
517,LVR,0.25,2013,0.6880000000000001,0.0,0.0,0.0,0.0,0.0,0.0,1.0,0.0,1.0,1.0,0.0,0.0,0.0,0.0
518,LVR,0.188,2014,0.6253333333333334,0.0,0.0,0.0,0.0,0.0,0.0,1.0,0.0,0.0,0.0,0.0,0.0,0.0,0.0
519,LVR,0.438,2015,0.5626666666666666,0.0,0.0,0.0,0.0,0.0,1.0,4.0,1.0,1.0,2.0,0.0,0.0,0.0,0.0
520,LVR,0.75,2016,0.5419999999999999,0.0,0.0,1.0,0.0,0.0,1.0,6.0,2.0,0.0,2.0,0.0,0.0,0.0,1.0
521,LVR,0.375,2017,0.5003333333333333,0.0,0.0,0.0,0.0,0.0,1.0,4.0,0.0,0.0,0.0,0.0,0.0,0.0,0.0
522,LVR,0.25,2018,0.625,0.0,0.0,0.0,0.0,0.0,0.0,1.0,0.0,0.0,0.0,0.0,0.0,0.0,0.0
523,LVR,0.438,2019,0.5003333333333333,0.0,0.0,0.0,0.0,0.0,0.0,2.0,0.0,1.0,1.0,0.0,0.0,0.0,0.0
524,LVR,0.5,2020,0.5419999999999999,0.0,0.0,0.0,0.0,0.0,0.0,2.0,0.0,0.0,0.0,0.0,0.0,0.0,0.0
525,LVR,0.588,2021,0.5489999999999999,0.0,0.0,0.0,0.0,0.0,0.0,4.0,0.0,1.0,1.0,0.0,0.0,0.0,1.0
527,PHI,0.688,2000,0.521,0.0,0.0,0.0,0.0,0.0,1.0,4.0,2.0,1.0,3.0,0.0,0.0,0.0,1.0
528,PHI,0.688,2001,0.41700000000000004,0.0,0.0,0.0,0.0,0.0,1.0,7.0,1.0,2.0,3.0,1.0,0.0,0.0,1.0
529,PHI,0.75,2002,0.4586666666666666,0.0,0.0,0.0,0.0,0.0,1.0,9.0,2.0,4.0,6.0,1.0,0.0,0.0,1.0
530,PHI,0.75,2003,0.39599999999999996,0.0,0.0,0.0,0.0,0.0,1.0,2.0,0.0,0.0,0.0,1.0,0.0,0.0,1.0
531,PHI,0.813,2004,0.375,0.0,0.0,0.0,0.0,0.0,1.0,9.0,3.0,0.0,3.0,1.0,1.0,0.0,1.0
532,PHI,0.375,2005,0.6253333333333333,0.0,0.0,0.0,0.0,0.0,0.0,3.0,0.0,0.0,0.0,0.0,0.0,0.0,0.0
533,PHI,0.625,2006,0.4586666666666666,0.0,0.0,0.0,0.0,0.0,0.0,3.0,2.0,0.0,2.0,0.0,0.0,0.0,1.0
534,PHI,0.5,2007,0.6669999999999999,0.0,0.0,0.0,0.0,0.0,0.0,3.0,1.0,0.0,1.0,0.0,0.0,0.0,0.0
535,PHI,0.594,2008,0.6043333333333334,0.0,0.0,0.0,0.0,0.0,0.0,2.0,0.0,1.0,1.0,1.0,0.0,0.0,1.0
536,PHI,0.688,2009,0.47933333333333333,0.0,0.0,0.0,0.0,0.0,1.0,8.0,1.0,2.0,3.0,0.0,0.0,0.0,1.0
537,PHI,0.625,2010,0.4583333333333333,0.0,0.0,0.0,0.0,0.0,1.0,4.0,0.0,2.0,2.0,0.0,0.0,0.0,1.0
538,PHI,0.5,2011,0.4586666666666666,0.0,0.0,0.0,0.0,0.0,0.0,3.0,2.0,1.0,3.0,0.0,0.0,0.0,0.0
539,PHI,0.25,2012,0.5626666666666666,0.0,0.0,0.0,0.0,0.0,0.0,0.0,0.0,0.0,0.0,0.0,0.0,0.0,0.0
540,PHI,0.625,2013,0.3753333333333333,0.0,0.0,0.0,0.0,0.0,1.0,4.0,3.0,0.0,3.0,0.0,0.0,0.0,1.0
541,PHI,0.625,2014,0.4583333333333333,0.0,0.0,0.0,0.0,0.0,0.0,8.0,0.0,3.0,3.0,0.0,0.0,0.0,0.0
542,PHI,0.438,2015,0.39599999999999996,0.0,0.0,0.0,0.0,0.0,0.0,4.0,0.0,1.0,1.0,0.0,0.0,0.0,0.0
543,PHI,0.438,2016,0.6773333333333332,0.0,0.0,0.0,0.0,0.0,0.0,4.0,0.0,1.0,1.0,0.0,0.0,0.0,0.0
544,PHI,0.813,2017,0.39633333333333326,0.0,0.0,0.0,0.0,0.0,1.0,5.0,2.0,2.0,4.0,1.0,1.0,1.0,1.0
545,PHI,0.563,2018,0.4586666666666666,0.0,0.0,0.0,0.0,0.0,0.0,5.0,2.0,0.0,2.0,0.0,0.0,0.0,1.0
546,PHI,0.563,2019,0.31266666666666665,0.0,0.0,0.0,0.0,0.0,0.0,6.0,1.0,0.0,1.0,0.0,0.0,0.0,1.0
547,PHI,0.281,2020,0.3960000000000001,0.0,0.0,0.0,0.0,0.0,0.0,3.0,0.0,0.0,0.0,0.0,0.0,0.0,0.0
548,PHI,0.529,2021,0.4509999999999999,0.0,0.0,0.0,0.0,0.0,0.0,5.0,1.0,1.0,2.0,0.0,0.0,0.0,1.0
550,PIT,0.563,2000,0.39599999999999996,0.0,0.0,0.0,0.0,0.0,0.0,1.0,0.0,0.0,0.0,0.0,0.0,0.0,0.0
551,PIT,0.813,2001,0.47933333333333333,0.0,0.0,0.0,0.0,1.0,1.0,5.0,2.0,2.0,4.0,1.0,0.0,0.0,1.0
552,PIT,0.656,2002,0.3753333333333333,0.0,0.0,0.0,0.0,0.0,0.0,4.0,2.0,1.0,3.0,0.0,0.0,0.0,1.0
553,PIT,0.375,2003,0.47933333333333333,0.0,0.0,0.0,0.0,0.0,0.0,3.0,0.0,2.0,2.0,0.0,0.0,0.0,0.0
554,PIT,0.938,2004,0.43766666666666665,0.0,0.0,0.0,1.0,0.0,0.0,9.0,3.0,3.0,6.0,1.0,0.0,0.0,1.0
555,PIT,0.688,2005,0.47933333333333333,0.0,0.0,0.0,0.0,0.0,0.0,5.0,2.0,1.0,3.0,1.0,1.0,1.0,1.0
556,PIT,0.5,2006,0.5209999999999999,0.0,0.0,0.0,0.0,0.0,0.0,4.0,1.0,0.0,1.0,0.0,0.0,0.0,0.0
557,PIT,0.625,2007,0.4586666666666666,0.0,0.0,0.0,0.0,0.0,1.0,5.0,1.0,2.0,3.0,0.0,0.0,0.0,1.0
558,PIT,0.75,2008,0.40633333333333327,0.0,0.0,1.0,0.0,0.0,0.0,3.0,2.0,1.0,3.0,1.0,1.0,1.0,1.0
559,PIT,0.563,2009,0.5003333333333334,0.0,0.0,0.0,0.0,0.0,0.0,4.0,0.0,2.0,2.0,0.0,0.0,0.0,0.0
560,PIT,0.75,2010,0.4376666666666666,0.0,0.0,1.0,0.0,0.0,0.0,4.0,2.0,1.0,3.0,1.0,1.0,0.0,1.0
561,PIT,0.75,2011,0.5209999999999999,0.0,0.0,0.0,0.0,0.0,1.0,6.0,2.0,0.0,2.0,0.0,0.0,0.0,1.0
562,PIT,0.5,2012,0.5209999999999999,0.0,0.0,0.0,0.0,0.0,0.0,2.0,0.0,1.0,1.0,0.0,0.0,0.0,0.0
563,PIT,0.5,2013,0.47933333333333333,0.0,0.0,0.0,0.0,0.0,0.0,2.0,0.0,1.0,1.0,0.0,0.0,0.0,0.0
564,PIT,0.688,2014,0.5730000000000001,0.0,0.0,0.0,0.0,0.0,1.0,4.0,3.0,1.0,4.0,0.0,0.0,0.0,1.0
565,PIT,0.625,2015,0.417,0.0,0.0,0.0,0.0,0.0,1.0,2.0,2.0,0.0,2.0,0.0,0.0,0.0,1.0
566,PIT,0.688,2016,0.323,0.0,0.0,0.0,0.0,0.0,1.0,5.0,1.0,2.0,3.0,1.0,0.0,0.0,1.0
567,PIT,0.813,2017,0.3336666666666666,0.0,0.0,0.0,0.0,0.0,1.0,9.0,4.0,1.0,5.0,0.0,0.0,0.0,1.0
568,PIT,0.594,2018,0.48966666666666664,0.0,0.0,0.0,0.0,0.0,0.0,8.0,0.0,1.0,1.0,0.0,0.0,0.0,0.0
569,PIT,0.5,2019,0.4583333333333333,0.0,0.0,0.0,0.0,0.0,0.0,5.0,2.0,1.0,3.0,0.0,0.0,0.0,0.0
570,PIT,0.75,2020,0.5523333333333333,0.0,0.0,0.0,0.0,0.0,0.0,5.0,2.0,1.0,3.0,0.0,0.0,0.0,1.0
571,PIT,0.559,2021,0.5099999999999999,0.0,0.0,1.0,0.0,0.0,0.0,4.0,2.0,0.0,2.0,0.0,0.0,0.0,1.0
573,LAC,0.063,2000,0.6253333333333333,0.0,0.0,0.0,0.0,0.0,0.0,2.0,1.0,0.0,1.0,0.0,0.0,0.0,0.0
574,LAC,0.313,2001,0.5,0.0,0.0,0.0,0.0,0.0,0.0,4.0,0.0,1.0,1.0,0.0,0.0,0.0,0.0
575,LAC,0.5,2002,0.5836666666666667,0.0,0.0,0.0,0.0,0.0,0.0,3.0,0.0,2.0,2.0,0.0,0.0,0.0,0.0
576,LAC,0.25,2003,0.5626666666666666,0.0,0.0,0.0,0.0,0.0,0.0,0.0,0.0,1.0,1.0,0.0,0.0,0.0,0.0
577,LAC,0.75,2004,0.4586666666666666,0.0,0.0,0.0,0.0,0.0,1.0,2.0,2.0,2.0,4.0,0.0,0.0,0.0,1.0
578,LAC,0.563,2005,0.5626666666666666,0.0,0.0,0.0,0.0,1.0,0.0,6.0,2.0,2.0,4.0,0.0,0.0,0.0,0.0
579,LAC,0.875,2006,0.417,1.0,1.0,0.0,0.0,0.0,1.0,10.0,5.0,0.0,5.0,0.0,0.0,0.0,1.0
580,LAC,0.688,2007,0.31266666666666665,0.0,0.0,0.0,0.0,0.0,0.0,9.0,3.0,1.0,4.0,1.0,0.0,0.0,1.0
581,LAC,0.5,2008,0.31266666666666665,0.0,0.0,0.0,0.0,0.0,0.0,2.0,0.0,1.0,1.0,0.0,0.0,0.0,1.0
582,LAC,0.813,2009,0.35433333333333333,0.0,0.0,0.0,0.0,0.0,1.0,5.0,0.0,2.0,2.0,0.0,0.0,0.0,1.0
583,LAC,0.563,2010,0.4583333333333333,0.0,0.0,0.0,0.0,0.0,1.0,3.0,0.0,2.0,2.0,0.0,0.0,0.0,0.0
584,LAC,0.5,2011,0.47933333333333333,0.0,0.0,0.0,0.0,0.0,1.0,4.0,1.0,0.0,1.0,0.0,0.0,0.0,0.0
585,LAC,0.438,2012,0.39599999999999996,0.0,0.0,0.0,0.0,0.0,0.0,0.0,0.0,1.0,1.0,0.0,0.0,0.0,0.0
586,LAC,0.563,2013,0.5836666666666667,0.0,0.0,0.0,0.0,0.0,1.0,1.0,0.0,1.0,1.0,0.0,0.0,0.0,1.0
587,LAC,0.563,2014,0.5003333333333334,0.0,0.0,0.0,0.0,0.0,0.0,2.0,1.0,0.0,1.0,0.0,0.0,0.0,0.0
588,LAC,0.25,2015,0.6253333333333333,0.0,0.0,0.0,0.0,0.0,0.0,1.0,0.0,0.0,0.0,0.0,0.0,0.0,0.0
589,LAC,0.313,2016,0.6876666666666665,0.0,0.0,0.0,0.0,1.0,1.0,2.0,0.0,1.0,1.0,0.0,0.0,0.0,0.0
590,LAC,0.563,2017,0.43766666666666665,0.0,0.0,0.0,0.0,0.0,1.0,5.0,0.0,1.0,1.0,0.0,0.0,0.0,0.0
591,LAC,0.75,2018,0.4583333333333333,0.0,0.0,0.0,0.0,0.0,1.0,6.0,2.0,2.0,4.0,0.0,0.0,0.0,1.0
592,LAC,0.313,2019,0.5419999999999999,0.0,0.0,0.0,0.0,0.0,0.0,3.0,0.0,0.0,0.0,0.0,0.0,0.0,0.0
593,LAC,0.438,2020,0.5626666666666666,0.0,0.0,0.0,1.0,0.0,0.0,2.0,0.0,0.0,0.0,0.0,0.0,0.0,0.0
594,LAC,0.529,2021,0.5686666666666667,0.0,0.0,0.0,0.0,0.0,1.0,5.0,0.0,2.0,2.0,0.0,0.0,0.0,0.0
596,SFO,0.375,2000,0.39599999999999996,0.0,0.0,0.0,0.0,0.0,1.0,2.0,1.0,0.0,1.0,0.0,0.0,0.0,0.0
597,SFO,0.75,2001,0.6253333333333333,0.0,0.0,0.0,0.0,0.0,1.0,5.0,1.0,2.0,3.0,0.0,0.0,0.0,1.0
598,SFO,0.625,2002,0.39633333333333326,0.0,0.0,0.0,0.0,0.0,1.0,5.0,1.0,2.0,3.0,0.0,0.0,0.0,1.0
599,SFO,0.438,2003,0.5416666666666666,0.0,0.0,0.0,0.0,0.0,0.0,3.0,1.0,2.0,3.0,0.0,0.0,0.0,0.0
600,SFO,0.125,2004,0.47933333333333333,0.0,0.0,0.0,0.0,0.0,0.0,1.0,0.0,0.0,0.0,0.0,0.0,0.0,0.0
601,SFO,0.25,2005,0.5003333333333333,0.0,0.0,0.0,0.0,0.0,0.0,0.0,0.0,0.0,0.0,0.0,0.0,0.0,0.0
602,SFO,0.438,2006,0.4586666666666667,0.0,0.0,0.0,0.0,0.0,0.0,3.0,0.0,1.0,1.0,0.0,0.0,0.0,0.0
603,SFO,0.313,2007,0.43766666666666665,0.0,0.0,0.0,0.0,1.0,0.0,2.0,1.0,0.0,1.0,0.0,0.0,0.0,0.0
604,SFO,0.438,2008,0.31266666666666665,0.0,0.0,0.0,0.0,0.0,0.0,1.0,0.0,1.0,1.0,0.0,0.0,0.0,0.0
605,SFO,0.5,2009,0.3336666666666666,0.0,0.0,0.0,0.0,0.0,0.0,5.0,1.0,0.0,1.0,0.0,0.0,0.0,0.0
606,SFO,0.375,2010,0.39633333333333326,0.0,0.0,0.0,0.0,0.0,0.0,2.0,1.0,0.0,1.0,0.0,0.0,0.0,0.0
607,SFO,0.813,2011,0.35433333333333333,0.0,0.0,0.0,0.0,0.0,0.0,9.0,3.0,2.0,5.0,1.0,0.0,0.0,1.0
608,SFO,0.719,2012,0.49000000000000005,0.0,0.0,0.0,0.0,0.0,0.0,9.0,5.0,3.0,8.0,1.0,1.0,0.0,1.0
609,SFO,0.75,2013,0.6253333333333333,0.0,0.0,0.0,0.0,0.0,0.0,9.0,1.0,4.0,5.0,1.0,0.0,0.0,1.0
610,SFO,0.5,2014,0.6043333333333333,0.0,0.0,0.0,0.0,0.0,0.0,3.0,0.0,0.0,0.0,0.0,0.0,0.0,0.0
611,SFO,0.313,2015,0.6253333333333334,0.0,0.0,0.0,0.0,0.0,0.0,2.0,1.0,0.0,1.0,0.0,0.0,0.0,0.0
612,SFO,0.125,2016,0.4583333333333333,0.0,0.0,0.0,0.0,0.0,0.0,0.0,0.0,0.0,0.0,0.0,0.0,0.0,0.0
613,SFO,0.375,2017,0.5836666666666667,0.0,0.0,0.0,0.0,0.0,0.0,2.0,0.0,0.0,0.0,0.0,0.0,0.0,0.0
614,SFO,0.25,2018,0.5419999999999999,0.0,0.0,0.0,0.0,0.0,0.0,3.0,0.0,1.0,1.0,0.0,0.0,0.0,0.0
615,SFO,0.813,2019,0.5316666666666666,0.0,0.0,0.0,0.0,1.0,0.0,4.0,1.0,2.0,3.0,1.0,1.0,0.0,1.0
616,SFO,0.375,2020,0.625,0.0,0.0,0.0,0.0,0.0,0.0,3.0,1.0,0.0,1.0,0.0,0.0,0.0,0.0
617,SFO,0.588,2021,0.5883333333333333,0.0,0.0,0.0,0.0,0.0,0.0,7.0,2.0,0.0,2.0,1.0,0.0,0.0,1.0
619,SEA,0.375,2000,0.39599999999999996,0.0,0.0,0.0,0.0,0.0,0.0,0.0,0.0,0.0,0.0,0.0,0.0,0.0,0.0
620,SEA,0.563,2001,0.6876666666666665,0.0,0.0,0.0,0.0,0.0,0.0,2.0,1.0,0.0,1.0,0.0,0.0,0.0,0.0
621,SEA,0.438,2002,0.4586666666666666,0.0,0.0,0.0,0.0,0.0,0.0,1.0,0.0,0.0,0.0,0.0,0.0,0.0,0.0
622,SEA,0.625,2003,0.4793333333333332,0.0,0.0,0.0,0.0,0.0,1.0,4.0,1.0,0.0,1.0,0.0,0.0,0.0,1.0
623,SEA,0.563,2004,0.3333333333333333,0.0,0.0,0.0,0.0,0.0,0.0,3.0,1.0,2.0,3.0,0.0,0.0,0.0,1.0
624,SEA,0.813,2005,0.31266666666666665,1.0,1.0,0.0,0.0,0.0,1.0,6.0,4.0,0.0,4.0,1.0,1.0,0.0,1.0
625,SEA,0.563,2006,0.41700000000000004,0.0,0.0,0.0,0.0,0.0,0.0,4.0,0.0,1.0,1.0,0.0,0.0,0.0,1.0
626,SEA,0.625,2007,0.3336666666666666,0.0,0.0,0.0,0.0,0.0,1.0,5.0,3.0,0.0,3.0,0.0,0.0,0.0,1.0
627,SEA,0.25,2008,0.3753333333333333,0.0,0.0,0.0,0.0,0.0,0.0,2.0,0.0,1.0,1.0,0.0,0.0,0.0,0.0
628,SEA,0.313,2009,0.39599999999999996,0.0,0.0,0.0,0.0,0.0,0.0,0.0,0.0,0.0,0.0,0.0,0.0,0.0,0.0
629,SEA,0.438,2010,0.3753333333333333,0.0,0.0,0.0,0.0,0.0,0.0,0.0,0.0,0.0,0.0,0.0,0.0,0.0,1.0
630,SEA,0.438,2011,0.47933333333333333,0.0,0.0,0.0,0.0,0.0,0.0,5.0,0.0,1.0,1.0,0.0,0.0,0.0,0.0
631,SEA,0.688,2012,0.5003333333333334,0.0,0.0,0.0,0.0,0.0,1.0,5.0,4.0,0.0,4.0,0.0,0.0,0.0,1.0
632,SEA,0.813,2013,0.6043333333333333,0.0,0.0,0.0,0.0,0.0,1.0,5.0,2.0,1.0,3.0,1.0,1.0,1.0,1.0
633,SEA,0.75,2014,0.5209999999999999,0.0,0.0,0.0,0.0,0.0,1.0,5.0,3.0,2.0,5.0,1.0,1.0,0.0,1.0
634,SEA,0.625,2015,0.5213333333333333,0.0,0.0,0.0,0.0,0.0,1.0,6.0,0.0,2.0,2.0,0.0,0.0,0.0,1.0
635,SEA,0.656,2016,0.2813333333333333,0.0,0.0,0.0,0.0,0.0,0.0,7.0,1.0,0.0,1.0,0.0,0.0,0.0,1.0
636,SEA,0.563,2017,0.521,0.0,0.0,0.0,0.0,0.0,1.0,5.0,1.0,1.0,2.0,0.0,0.0,0.0,0.0
637,SEA,0.625,2018,0.417,0.0,0.0,0.0,0.0,0.0,1.0,2.0,1.0,1.0,2.0,0.0,0.0,0.0,1.0
638,SEA,0.688,2019,0.5733333333333334,0.0,0.0,0.0,0.0,0.0,1.0,2.0,1.0,1.0,2.0,0.0,0.0,0.0,1.0
639,SEA,0.75,2020,0.5,0.0,0.0,0.0,0.0,0.0,1.0,6.0,1.0,2.0,3.0,0.0,0.0,0.0,1.0
640,SEA,0.412,2021,0.6469999999999999,0.0,0.0,0.0,0.0,0.0,1.0,3.0,0.0,1.0,1.0,0.0,0.0,0.0,0.0
642,LAR,0.625,2000,0.31266666666666665,1.0,1.0,0.0,0.0,0.0,1.0,4.0,1.0,1.0,2.0,0.0,0.0,0.0,1.0
643,LAR,0.875,2001,0.5836666666666667,1.0,1.0,0.0,0.0,0.0,1.0,6.0,4.0,2.0,6.0,1.0,1.0,0.0,1.0
644,LAR,0.438,2002,0.4586666666666666,0.0,0.0,0.0,0.0,0.0,0.0,2.0,0.0,0.0,0.0,0.0,0.0,0.0,0.0
645,LAR,0.75,2003,0.4376666666666666,0.0,0.0,0.0,0.0,0.0,1.0,5.0,3.0,0.0,3.0,0.0,0.0,0.0,1.0
646,LAR,0.5,2004,0.35433333333333333,0.0,0.0,0.0,0.0,0.0,0.0,2.0,0.0,0.0,0.0,0.0,0.0,0.0,1.0
647,LAR,0.375,2005,0.4586666666666666,0.0,0.0,0.0,0.0,0.0,0.0,2.0,0.0,0.0,0.0,0.0,0.0,0.0,0.0
648,LAR,0.5,2006,0.438,0.0,0.0,0.0,0.0,0.0,1.0,2.0,0.0,2.0,2.0,0.0,0.0,0.0,0.0
649,LAR,0.188,2007,0.47933333333333333,0.0,0.0,0.0,0.0,0.0,0.0,1.0,0.0,0.0,0.0,0.0,0.0,0.0,0.0
650,LAR,0.125,2008,0.417,0.0,0.0,0.0,0.0,0.0,0.0,0.0,0.0,0.0,0.0,0.0,0.0,0.0,0.0
651,LAR,0.063,2009,0.47933333333333333,0.0,0.0,0.0,0.0,0.0,0.0,1.0,0.0,1.0,1.0,0.0,0.0,0.0,0.0
652,LAR,0.438,2010,0.3753333333333333,0.0,0.0,0.0,1.0,0.0,0.0,1.0,0.0,0.0,0.0,0.0,0.0,0.0,0.0
653,LAR,0.125,2011,0.5836666666666667,0.0,0.0,0.0,0.0,0.0,0.0,0.0,0.0,0.0,0.0,0.0,0.0,0.0,0.0
654,LAR,0.469,2012,0.5733333333333334,0.0,0.0,0.0,0.0,0.0,0.0,0.0,0.0,0.0,0.0,0.0,0.0,0.0,0.0
655,LAR,0.438,2013,0.7293333333333333,0.0,0.0,0.0,0.0,0.0,0.0,2.0,1.0,0.0,1.0,0.0,0.0,0.0,0.0
656,LAR,0.375,2014,0.6459999999999999,0.0,0.0,0.0,0.0,1.0,0.0,2.0,0.0,0.0,0.0,0.0,0.0,0.0,0.0
657,LAR,0.438,2015,0.5836666666666667,0.0,0.0,0.0,1.0,0.0,0.0,3.0,1.0,1.0,2.0,0.0,0.0,0.0,0.0
658,LAR,0.25,2016,0.4166666666666667,0.0,0.0,0.0,0.0,0.0,0.0,3.0,1.0,1.0,2.0,0.0,0.0,0.0,0.0
659,LAR,0.688,2017,0.47933333333333333,0.0,1.0,1.0,0.0,0.0,1.0,7.0,3.0,1.0,4.0,0.0,0.0,0.0,1.0
660,LAR,0.813,2018,0.35433333333333333,0.0,0.0,1.0,0.0,0.0,1.0,3.0,2.0,0.0,2.0,1.0,1.0,0.0,1.0
661,LAR,0.563,2019,0.615,0.0,0.0,0.0,0.0,0.0,0.0,1.0,1.0,0.0,1.0,0.0,0.0,0.0,0.0
662,LAR,0.625,2020,0.5416666666666666,0.0,0.0,1.0,0.0,0.0,0.0,2.0,2.0,0.0,2.0,0.0,0.0,0.0,1.0
663,LAR,0.706,2021,0.5489999999999999,0.0,1.0,0.0,0.0,0.0,0.0,4.0,3.0,0.0,3.0,1.0,1.0,1.0,1.0
665,TAM,0.625,2000,0.43766666666666665,0.0,0.0,0.0,0.0,0.0,0.0,9.0,3.0,0.0,3.0,0.0,0.0,0.0,1.0
666,TAM,0.563,2001,0.313,0.0,0.0,0.0,0.0,0.0,0.0,6.0,2.0,2.0,4.0,0.0,0.0,0.0,1.0
667,TAM,0.75,2002,0.5316666666666666,0.0,0.0,1.0,0.0,0.0,1.0,6.0,3.0,2.0,5.0,1.0,1.0,1.0,1.0
668,TAM,0.438,2003,0.5003333333333333,0.0,0.0,0.0,0.0,0.0,0.0,4.0,0.0,2.0,2.0,0.0,0.0,0.0,0.0
669,TAM,0.313,2004,0.5419999999999999,0.0,0.0,0.0,0.0,0.0,0.0,2.0,2.0,0.0,2.0,0.0,0.0,0.0,0.0
670,TAM,0.688,2005,0.4586666666666667,0.0,0.0,0.0,1.0,0.0,0.0,3.0,2.0,0.0,2.0,0.0,0.0,0.0,1.0
671,TAM,0.25,2006,0.521,0.0,0.0,0.0,0.0,0.0,0.0,3.0,0.0,1.0,1.0,0.0,0.0,0.0,0.0
672,TAM,0.563,2007,0.3753333333333333,0.0,0.0,0.0,0.0,0.0,1.0,0.0,0.0,0.0,0.0,0.0,0.0,0.0,1.0
673,TAM,0.563,2008,0.646,0.0,0.0,0.0,0.0,0.0,0.0,4.0,0.0,0.0,0.0,0.0,0.0,0.0,0.0
674,TAM,0.188,2009,0.6253333333333334,0.0,0.0,0.0,0.0,0.0,0.0,0.0,0.0,0.0,0.0,0.0,0.0,0.0,0.0
675,TAM,0.625,2010,0.5419999999999999,0.0,0.0,0.0,0.0,0.0,0.0,1.0,0.0,0.0,0.0,0.0,0.0,0.0,0.0
676,TAM,0.25,2011,0.6043333333333333,0.0,0.0,0.0,0.0,0.0,0.0,1.0,0.0,0.0,0.0,0.0,0.0,0.0,0.0
677,TAM,0.438,2012,0.563,0.0,0.0,0.0,0.0,0.0,0.0,3.0,0.0,0.0,0.0,0.0,0.0,0.0,0.0
678,TAM,0.25,2013,0.5626666666666666,0.0,0.0,0.0,0.0,0.0,0.0,2.0,2.0,0.0,2.0,0.0,0.0,0.0,0.0
679,TAM,0.125,2014,0.42733333333333334,0.0,0.0,0.0,0.0,0.0,0.0,1.0,0.0,1.0,1.0,0.0,0.0,0.0,0.0
680,TAM,0.375,2015,0.6253333333333333,0.0,0.0,0.0,0.0,0.0,1.0,4.0,1.0,0.0,1.0,0.0,0.0,0.0,0.0
681,TAM,0.563,2016,0.5003333333333334,0.0,0.0,0.0,0.0,0.0,0.0,2.0,0.0,3.0,3.0,0.0,0.0,0.0,0.0
682,TAM,0.313,2017,0.6669999999999999,0.0,0.0,0.0,0.0,0.0,0.0,2.0,0.0,0.0,0.0,0.0,0.0,0.0,0.0
683,TAM,0.313,2018,0.5630000000000001,0.0,0.0,0.0,0.0,0.0,0.0,1.0,0.0,0.0,0.0,0.0,0.0,0.0,0.0
684,TAM,0.438,2019,0.5213333333333334,0.0,0.0,0.0,0.0,0.0,0.0,3.0,0.0,2.0,2.0,0.0,0.0,0.0,0.0
685,TAM,0.688,2020,0.43766666666666665,0.0,0.0,0.0,0.0,0.0,0.0,1.0,0.0,2.0,2.0,1.0,1.0,1.0,1.0
686,TAM,0.765,2021,0.4116666666666666,0.0,0.0,0.0,0.0,0.0,1.0,8.0,1.0,1.0,2.0,0.0,0.0,0.0,1.0
688,TEN,0.813,2000,0.5315,0.0,0.0,0.0,0.0,0.0,1.0,8.0,4.0,3.0,7.0,0.0,0.0,0.0,1.0
689,TEN,0.438,2001,0.375,0.0,0.0,0.0,0.0,0.0,0.0,2.0,0.0,0.0,0.0,0.0,0.0,0.0,0.0
690,TEN,0.688,2002,0.4166666666666667,0.0,0.0,0.0,0.0,0.0,0.0,1.0,0.0,1.0,1.0,1.0,0.0,0.0,1.0
691,TEN,0.75,2003,0.4586666666666666,1.0,0.0,0.0,0.0,0.0,1.0,4.0,1.0,1.0,2.0,0.0,0.0,0.0,1.0
692,TEN,0.313,2004,0.5836666666666667,0.0,0.0,0.0,0.0,0.0,0.0,0.0,0.0,0.0,0.0,0.0,0.0,0.0,0.0
693,TEN,0.25,2005,0.5833333333333334,0.0,0.0,0.0,0.0,0.0,1.0,1.0,0.0,0.0,0.0,0.0,0.0,0.0,0.0
694,TEN,0.5,2006,0.5416666666666666,0.0,0.0,0.0,1.0,0.0,1.0,0.0,0.0,0.0,0.0,0.0,0.0,0.0,0.0
695,TEN,0.625,2007,0.6669999999999999,0.0,0.0,0.0,0.0,0.0,0.0,3.0,1.0,0.0,1.0,0.0,0.0,0.0,1.0
696,TEN,0.813,2008,0.521,0.0,0.0,0.0,0.0,0.0,1.0,7.0,4.0,1.0,5.0,0.0,0.0,0.0,1.0
697,TEN,0.5,2009,0.6253333333333333,0.0,1.0,0.0,0.0,0.0,1.0,3.0,1.0,1.0,2.0,0.0,0.0,0.0,0.0
698,TEN,0.375,2010,0.5,0.0,0.0,0.0,0.0,0.0,0.0,4.0,0.0,1.0,1.0,0.0,0.0,0.0,0.0
699,TEN,0.563,2011,0.35433333333333333,0.0,0.0,0.0,0.0,0.0,0.0,0.0,0.0,0.0,0.0,0.0,0.0,0.0,0.0
700,TEN,0.375,2012,0.521,0.0,0.0,0.0,0.0,0.0,0.0,0.0,0.0,0.0,0.0,0.0,0.0,0.0,0.0
701,TEN,0.438,2013,0.35433333333333333,0.0,0.0,0.0,0.0,0.0,0.0,1.0,0.0,2.0,2.0,0.0,0.0,0.0,0.0
702,TEN,0.125,2014,0.47966666666666663,0.0,0.0,0.0,0.0,0.0,0.0,0.0,0.0,0.0,0.0,0.0,0.0,0.0,0.0
703,TEN,0.188,2015,0.4586666666666666,0.0,0.0,0.0,0.0,0.0,0.0,2.0,0.0,0.0,0.0,0.0,0.0,0.0,0.0
704,TEN,0.563,2016,0.417,0.0,0.0,0.0,0.0,0.0,0.0,5.0,1.0,0.0,1.0,0.0,0.0,0.0,0.0
705,TEN,0.563,2017,0.375,0.0,0.0,0.0,0.0,0.0,0.0,6.0,1.0,0.0,1.0,0.0,0.0,0.0,1.0
706,TEN,0.563,2018,0.542,0.0,0.0,0.0,0.0,0.0,0.0,3.0,0.0,0.0,0.0,0.0,0.0,0.0,0.0
707,TEN,0.563,2019,0.47933333333333333,0.0,0.0,0.0,0.0,0.0,1.0,3.0,0.0,1.0,1.0,1.0,0.0,0.0,1.0
708,TEN,0.688,2020,0.3336666666666666,0.0,1.0,0.0,0.0,0.0,0.0,2.0,1.0,0.0,1.0,0.0,0.0,0.0,1.0
709,TEN,0.706,2021,0.3133333333333333,0.0,0.0,0.0,0.0,0.0,0.0,4.0,1.0,1.0,2.0,0.0,0.0,0.0,1.0
711,WAS,0.5,2000,0.5836666666666667,0.0,0.0,0.0,0.0,0.0,0.0,4.0,0.0,1.0,1.0,0.0,0.0,0.0,0.0
712,WAS,0.5,2001,0.4796666666666667,0.0,0.0,0.0,0.0,0.0,0.0,3.0,0.0,1.0,1.0,0.0,0.0,0.0,0.0
713,WAS,0.438,2002,0.5626666666666666,0.0,0.0,0.0,0.0,0.0,0.0,3.0,0.0,0.0,0.0,0.0,0.0,0.0,0.0
714,WAS,0.313,2003,0.5416666666666666,0.0,0.0,0.0,0.0,0.0,0.0,3.0,0.0,2.0,2.0,0.0,0.0,0.0,0.0
715,WAS,0.375,2004,0.521,0.0,0.0,0.0,0.0,0.0,0.0,1.0,0.0,0.0,0.0,0.0,0.0,0.0,0.0
716,WAS,0.625,2005,0.5419999999999999,0.0,0.0,0.0,0.0,0.0,0.0,2.0,0.0,2.0,2.0,0.0,0.0,0.0,1.0
717,WAS,0.313,2006,0.5626666666666666,0.0,0.0,0.0,0.0,0.0,0.0,2.0,0.0,0.0,0.0,0.0,0.0,0.0,0.0
718,WAS,0.563,2007,0.646,0.0,0.0,0.0,0.0,0.0,0.0,4.0,0.0,1.0,1.0,0.0,0.0,0.0,1.0
719,WAS,0.5,2008,0.6356666666666667,0.0,0.0,0.0,0.0,0.0,0.0,4.0,0.0,1.0,1.0,0.0,0.0,0.0,0.0
720,WAS,0.25,2009,0.6253333333333333,0.0,0.0,0.0,0.0,0.0,0.0,2.0,0.0,0.0,0.0,0.0,0.0,0.0,0.0
721,WAS,0.375,2010,0.5416666666666666,0.0,0.0,0.0,0.0,0.0,0.0,3.0,0.0,0.0,0.0,0.0,0.0,0.0,0.0
722,WAS,0.313,2011,0.521,0.0,0.0,0.0,0.0,0.0,0.0,1.0,0.0,1.0,1.0,0.0,0.0,0.0,0.0
723,WAS,0.625,2012,0.43766666666666665,0.0,0.0,0.0,1.0,0.0,1.0,4.0,0.0,2.0,2.0,0.0,0.0,0.0,1.0
724,WAS,0.188,2013,0.521,0.0,0.0,0.0,0.0,0.0,0.0,3.0,0.0,0.0,0.0,0.0,0.0,0.0,0.0
725,WAS,0.25,2014,0.5833333333333334,0.0,0.0,0.0,0.0,0.0,0.0,2.0,0.0,0.0,0.0,0.0,0.0,0.0,0.0
726,WAS,0.563,2015,0.35433333333333333,0.0,0.0,0.0,0.0,0.0,0.0,1.0,0.0,1.0,1.0,0.0,0.0,0.0,1.0
727,WAS,0.531,2016,0.6463333333333332,0.0,0.0,0.0,0.0,0.0,1.0,4.0,0.0,0.0,0.0,0.0,0.0,0.0,0.0
728,WAS,0.438,2017,0.5213333333333333,0.0,0.0,0.0,0.0,0.0,0.0,3.0,0.0,0.0,0.0,0.0,0.0,0.0,0.0
729,WAS,0.438,2018,0.5003333333333333,0.0,0.0,0.0,0.0,0.0,0.0,2.0,0.0,0.0,0.0,0.0,0.0,0.0,0.0
730,WAS,0.188,2019,0.43766666666666665,0.0,0.0,0.0,0.0,0.0,0.0,2.0,0.0,0.0,0.0,0.0,0.0,0.0,0.0
731,WAS,0.438,2020,0.34366666666666673,0.0,0.0,0.0,0.0,1.0,0.0,2.0,1.0,0.0,1.0,0.0,0.0,0.0,1.0
732,WAS,0.412,2021,0.49,0.0,0.0,0.0,0.0,0.0,0.0,2.0,0.0,0.0,0.0,0.0,0.0,0.0,0.0
