,Tm,Year,QBOverall,WROverall,RBOverall,D_Overall
0,ARI,2000,0.6265060240963856,0.7573435504469987,0.8157894736842105,0.08064516129032258
1,ARI,2001,0.9054054054054054,0.7014157014157014,0.8461538461538461,0.16129032258064516
2,ARI,2002,0.5945945945945946,0.5507518796992481,0.6964285714285714,0.0625
3,ARI,2003,0.6012658227848101,0.7302158273381295,0.7024793388429752,0.21875
4,ARI,2004,0.6666666666666666,0.7553191489361702,0.8253968253968254,0.46875
5,ARI,2005,0.825,0.7578671328671329,0.6495726495726496,0.5
6,ARI,2006,0.6266666666666667,0.7731481481481481,0.8943089430894309,0.25
7,ARI,2007,0.8928571428571429,0.8554778554778554,0.9421487603305785,0.28125
8,ARI,2008,0.9736842105263158,0.7982456140350878,0.6461538461538462,0.3125
9,ARI,2009,0.868421052631579,0.6931423611111112,0.9029850746268657,0.5
10,ARI,2010,0.5308641975308642,0.5608108108108109,0.8571428571428571,0.125
11,ARI,2011,0.6644736842105263,0.7774086378737541,0.8897058823529411,0.34375
12,ARI,2012,0.3380281690140845,0.6380718954248366,0.5578231292517006,0.875
13,ARI,2013,0.7761194029850746,0.7752442996742671,0.8757763975155279,0.84375
14,ARI,2014,0.6081081081081081,0.7177777777777777,0.640625,0.5625
15,ARI,2015,1.0,0.8011006289308176,0.7974683544303798,0.8125
16,ARI,2016,0.7285714285714285,0.7675840978593271,0.99375,0.8125
17,ARI,2017,0.6575342465753424,0.6648089171974522,,0.65625
18,ARI,2018,0.4027777777777778,0.5956973293768546,0.951048951048951,0.28125
19,ARI,2019,0.6857142857142857,0.7345588235294118,,0.0625
20,ARI,2020,0.8765432098765432,0.7650862068965517,0.9133333333333333,0.46875
21,ARI,2021,0.8975903614457831,0.8863849765258216,0.8562091503267973,0.6875
22,ATL,2000,0.6626506024096386,0.7982120051085569,0.8508771929824561,0.16129032258064516
23,ATL,2001,0.7972972972972973,0.6196911196911197,0.7403846153846154,0.22580645161290322
24,ATL,2002,0.8378378378378378,0.6961152882205514,0.8482142857142857,0.75
25,ATL,2003,0.45569620253164556,0.7386091127098321,0.8181818181818182,0.09375
26,ATL,2004,0.8205128205128205,0.7446808510638299,0.9047619047619048,0.53125
27,ATL,2005,0.6875,0.775058275058275,0.9487179487179487,0.265625
28,ATL,2006,0.7333333333333333,0.7074074074074074,0.7967479674796748,0.34375
29,ATL,2007,0.5595238095238095,0.7284382284382285,0.7933884297520661,0.125
30,ATL,2008,0.9342105263157895,0.6701754385964912,0.9692307692307692,0.15625
31,ATL,2009,0.75,0.7521701388888888,0.8432835820895522,0.53125
32,ATL,2010,0.8888888888888888,0.7200168918918919,0.8947368421052632,0.625
33,ATL,2011,0.9210526315789473,0.9274640088593576,0.9485294117647058,0.6875
34,ATL,2012,0.9436619718309859,0.9553376906318083,0.8639455782312925,0.75
35,ATL,2013,0.7313432835820896,0.8653637350705754,0.48136645962732916,0.09375
36,ATL,2014,0.8783783783783784,0.7999999999999999,0.5203125000000001,0.40625
37,ATL,2015,0.9066666666666666,0.6205450733752621,0.6566455696202532,0.625
38,ATL,2016,0.9857142857142858,0.8521916411824669,0.61875,0.125
39,ATL,2017,0.8767123287671232,0.7866242038216561,0.9657534246575342,0.59375
40,ATL,2018,0.9583333333333334,0.8041543026706232,0.9300699300699301,0.0625
41,ATL,2019,0.7857142857142857,0.7419117647058823,0.8571428571428571,0.21875
42,ATL,2020,0.7654320987654321,0.7174329501915709,0.8666666666666667,0.34375
43,ATL,2021,0.8192771084337349,0.8065727699530516,0.9084967320261438,0.0625
44,BAL,2000,0.6746987951807228,0.6877394636015326,0.8947368421052632,1.0
45,BAL,2001,0.7027027027027027,0.7586872586872587,0.6875,0.8064516129032258
46,BAL,2002,0.6081081081081081,0.6541353383458647,0.9285714285714286,0.5
47,BAL,2003,0.4430379746835443,0.7278177458033573,0.9917355371900827,0.9375
48,BAL,2004,0.6282051282051282,0.5354609929078014,0.8174603174603174,0.984375
49,BAL,2005,0.65,0.8298368298368298,0.8376068376068376,0.8125
50,BAL,2006,0.8933333333333333,0.854320987654321,0.8617886178861789,1.0
51,BAL,2007,0.5952380952380952,0.668997668997669,0.9669421487603306,0.5
52,BAL,2008,0.7368421052631579,0.8251461988304093,0.823076923076923,0.96875
53,BAL,2009,0.8157894736842105,0.8177083333333334,0.9850746268656716,0.96875
54,BAL,2010,0.9135802469135802,0.891891891891892,0.8646616541353384,0.8125
55,BAL,2011,0.8421052631578947,0.8338870431893688,0.9926470588235294,0.9375
56,BAL,2012,0.8591549295774648,0.7407407407407408,0.9319727891156463,0.5625
57,BAL,2013,0.6567164179104478,0.6929967426710097,0.8571428571428571,0.65625
58,BAL,2014,0.8648648648648649,0.8255555555555555,0.6515625,0.734375
59,BAL,2015,0.64,0.8343815513626834,0.6234177215189873,0.5
60,BAL,2016,0.6714285714285714,0.874617737003058,0.71875,0.9375
61,BAL,2017,0.589041095890411,0.7054140127388535,0.9452054794520548,1.0
62,BAL,2018,0.5,0.6683976261127597,0.7762237762237763,0.890625
63,BAL,2019,1.0,0.6485294117647059,0.95,0.9375
64,BAL,2020,0.8271604938271605,0.6513409961685824,0.5333333333333333,0.875
65,BAL,2021,0.7289156626506024,0.855868544600939,0.7450980392156863,0.46875
66,BUF,2000,0.6987951807228916,0.6992337164750958,0.7719298245614035,0.7419354838709677
67,BUF,2001,0.5135135135135135,0.8648648648648649,0.7980769230769231,0.0967741935483871
68,BUF,2002,0.9594594594594594,0.850877192982456,0.9642857142857143,0.09375
69,BUF,2003,0.6962025316455697,0.737410071942446,0.9090909090909091,0.6875
70,BUF,2004,0.6538461538461539,0.8026004728132388,0.873015873015873,0.875
71,BUF,2005,0.725,0.7086247086247086,0.8290598290598291,0.1875
72,BUF,2006,0.88,0.7530864197530865,0.8130081300813008,0.5625
73,BUF,2007,0.6309523809523809,0.6621503496503496,0.8760330578512396,0.53125
74,BUF,2008,0.7763157894736842,0.7175438596491228,0.9153846153846154,0.6875
75,BUF,2009,0.6052631578947368,0.5842013888888888,0.9328358208955224,0.4375
76,BUF,2010,0.7407407407407407,0.6272522522522522,0.9022556390977443,0.1875
77,BUF,2011,0.8026315789473685,0.7209302325581395,0.8897058823529411,0.25
78,BUF,2012,0.676056338028169,0.7165032679738562,0.9727891156462585,0.1875
79,BUF,2013,0.5373134328358209,0.6685667752442996,0.8944099378881988,0.5625
80,BUF,2014,0.6486486486486487,0.6711111111111111,0.603125,0.9375
81,BUF,2015,0.88,0.8354297693920336,0.5284810126582279,0.46875
82,BUF,2016,0.6571428571428571,0.7043832823649337,0.615625,0.359375
83,BUF,2017,0.7054794520547946,0.7929936305732485,0.9726027397260274,0.46875
84,BUF,2018,0.5833333333333334,0.5979228486646885,0.6783216783216783,0.890625
85,BUF,2019,0.7714285714285715,0.7470588235294118,0.8714285714285714,0.96875
86,BUF,2020,0.9876543209876543,0.7941810344827587,0.8466666666666667,0.640625
87,BUF,2021,0.8072289156626506,0.8450704225352113,0.9607843137254902,0.90625
88,CAR,2000,0.8674698795180723,0.8812260536398467,0.7807017543859649,0.4838709677419355
89,CAR,2001,0.36486486486486486,0.6230694980694981,0.7596153846153846,0.3548387096774194
90,CAR,2002,0.6891891891891891,0.7719298245614036,0.7321428571428571,0.96875
91,CAR,2003,0.9113924050632911,0.6681654676258993,0.9008264462809917,0.625
92,CAR,2004,0.8974358974358975,0.8191489361702128,0.7936507936507936,0.5
93,CAR,2005,0.925,0.7214452214452214,0.811965811965812,0.9375
94,CAR,2006,0.76,0.7265432098765432,0.8211382113821138,0.6875
95,CAR,2007,0.39285714285714285,0.6783216783216783,0.8264462809917356,0.40625
96,CAR,2008,0.881578947368421,0.7988304093567251,0.9,0.53125
97,CAR,2009,0.5657894736842105,0.6918402777777778,0.9402985074626866,0.9375
98,CAR,2010,0.30864197530864196,0.6126126126126127,0.7593984962406015,0.46875
99,CAR,2011,0.8552631578947368,0.7441860465116279,0.7794117647058824,0.125
100,CAR,2012,0.8309859154929577,0.8063725490196079,0.8367346938775511,0.59375
101,CAR,2013,0.8059701492537313,0.8382193268186754,0.826086956521739,1.0
102,CAR,2014,0.7162162162162162,0.7175,0.9,0.734375
103,CAR,2015,0.96,0.72562893081761,0.8987341772151899,0.96875
104,CAR,2016,0.5285714285714286,0.7668195718654435,0.86875,0.59375
105,CAR,2017,0.7945205479452054,0.8152866242038217,0.8356164383561644,0.875
106,CAR,2018,0.75,0.7937685459940653,1.0,0.546875
107,CAR,2019,0.5428571428571428,0.7419117647058824,0.9785714285714285,0.1875
108,CAR,2020,0.7160493827160493,0.7078544061302682,0.86,0.4375
109,CAR,2021,0.42168674698795183,0.6028169014084507,0.7581699346405228,0.53125
110,CHI,2000,0.5662650602409639,0.7075351213282248,0.8333333333333334,0.5161290322580645
111,CHI,2001,0.7297297297297297,0.6422136422136422,0.8076923076923077,0.967741935483871
112,CHI,2002,0.581081081081081,0.7456140350877193,0.7767857142857143,0.21875
113,CHI,2003,0.4240506329113924,0.7565947242206236,0.743801652892562,0.34375
114,CHI,2004,0.4358974358974359,0.5567375886524822,0.8492063492063492,0.5625
115,CHI,2005,0.4625,0.6386946386946387,0.9230769230769231,1.0
116,CHI,2006,0.8133333333333334,0.8506172839506173,0.8699186991869918,0.96875
117,CHI,2007,0.5357142857142857,0.7960372960372961,0.731404958677686,0.5625
118,CHI,2008,0.6710526315789473,0.6982456140350877,0.9538461538461539,0.625
119,CHI,2009,0.7368421052631579,0.8223379629629629,0.917910447761194,0.34375
120,CHI,2010,0.8271604938271605,0.6283783783783784,0.9548872180451128,0.96875
121,CHI,2011,0.7763157894736842,0.6699889258028793,0.9264705882352942,0.90625
122,CHI,2012,0.6338028169014085,0.5874183006535948,0.9217687074829932,1.0
123,CHI,2013,0.7611940298507462,0.9424538545059717,0.9937888198757764,0.28125
124,CHI,2014,0.7297297297297297,0.7216666666666667,0.9625,0.125
125,CHI,2015,0.8666666666666667,0.7397798742138365,0.9430379746835443,0.53125
126,CHI,2016,0.42857142857142855,0.6559633027522936,0.95,0.15625
127,CHI,2017,0.6027397260273972,0.6072186836518046,0.9246575342465754,0.78125
128,CHI,2018,0.8055555555555556,0.8763600395647874,0.8846153846153846,1.0
129,CHI,2019,0.5714285714285714,0.8078431372549019,0.7428571428571429,0.8125
130,CHI,2020,0.7283950617283951,0.7237787356321839,0.94,0.546875
131,CHI,2021,0.4819277108433735,0.6570422535211268,0.8823529411764706,0.4375
132,CIN,2000,0.40963855421686746,0.5737547892720306,0.9122807017543859,0.22580645161290322
133,CIN,2001,0.5540540540540541,0.6576576576576577,0.9326923076923077,0.45161290322580644
134,CIN,2002,0.7162162162162162,0.7593984962406015,0.9196428571428571,0.125
135,CIN,2003,0.8734177215189873,0.7589928057553957,0.7520661157024794,0.125
136,CIN,2004,0.6923076923076923,0.5930851063829787,0.9206349206349206,0.75
137,CIN,2005,0.9875,0.7972027972027972,0.8888888888888888,0.3125
138,CIN,2006,0.9733333333333334,0.8506172839506173,0.9349593495934959,0.21875
139,CIN,2007,0.8571428571428571,0.8344988344988344,0.6611570247933884,0.4375
140,CIN,2008,0.5,0.6052631578947368,0.7230769230769231,0.4375
141,CIN,2009,0.8026315789473685,0.6519097222222223,0.8208955223880597,0.875
142,CIN,2010,0.8024691358024691,0.6545608108108107,0.924812030075188,0.40625
143,CIN,2011,0.7631578947368421,0.8338870431893688,0.8970588235294118,0.75
144,CIN,2012,0.7464788732394366,0.9248366013071896,0.8843537414965986,0.9375
145,CIN,2013,0.8955223880597015,0.7695439739413681,0.8136645962732919,0.96875
146,CIN,2014,0.7567567567567568,0.7075,0.84375,0.5
147,CIN,2015,0.9333333333333333,0.77437106918239,0.879746835443038,0.84375
148,CIN,2016,0.8142857142857143,0.5894495412844036,0.83125,0.5
149,CIN,2017,0.7397260273972602,0.6536624203821656,0.4349315068493151,0.3125
150,CIN,2018,0.6388888888888888,0.7422106824925816,0.9090909090909091,0.125
151,CIN,2019,0.4714285714285714,0.7691176470588235,0.8428571428571429,0.125
152,CIN,2020,0.654320987654321,0.6135057471264368,0.78,0.25
153,CIN,2021,0.9397590361445783,0.7753521126760563,0.9869281045751634,0.5625
154,CLE,2000,0.2891566265060241,0.6060025542784163,0.7631578947368421,0.25806451612903225
155,CLE,2001,0.6486486486486487,0.6192084942084942,0.5769230769230769,0.5483870967741935
156,CLE,2002,0.6621621621621622,0.6428571428571428,0.7678571428571429,0.6875
157,CLE,2003,0.5443037974683544,0.6672661870503598,0.6942148760330579,0.3125
158,CLE,2004,0.7051282051282052,0.7641843971631206,0.7023809523809523,0.4375
159,CLE,2005,0.7125,0.7668997668997669,0.9316239316239316,0.65625
160,CLE,2006,0.4533333333333333,0.8135802469135802,0.7560975609756098,0.5
161,CLE,2007,0.8690476190476191,0.8607226107226107,0.9834710743801653,0.25
162,CLE,2008,0.5789473684210527,0.5614035087719298,0.8346153846153846,0.5
163,CLE,2009,0.5131578947368421,0.5538194444444444,0.5298507462686567,0.0625
164,CLE,2010,0.5061728395061729,0.6866554054054054,0.9924812030075187,0.59375
165,CLE,2011,0.618421052631579,0.622093023255814,0.7426470588235294,0.71875
166,CLE,2012,0.5352112676056338,0.6781045751633987,0.9047619047619048,0.3125
167,CLE,2013,0.40298507462686567,0.7320846905537459,0.7950310559006211,0.46875
168,CLE,2014,0.7432432432432432,0.7566666666666667,0.4890625,0.625
169,CLE,2015,0.68,0.6375786163522013,0.740506329113924,0.21875
170,CLE,2016,0.5428571428571428,0.6032110091743119,0.94375,0.0625
171,CLE,2017,0.410958904109589,0.4723991507430998,0.8493150684931506,0.21875
172,CLE,2018,0.7916666666666666,0.758160237388724,0.8461538461538461,0.4375
173,CLE,2019,0.6,0.6367647058823529,0.9857142857142858,0.34375
174,CLE,2020,0.8518518518518519,0.6997126436781609,0.92,0.59375
175,CLE,2021,0.5783132530120482,0.7651408450704226,0.9803921568627451,0.59375
176,DAL,2000,0.5421686746987951,0.6590038314176245,0.8596491228070176,0.1935483870967742
177,DAL,2001,0.47297297297297297,0.7052767052767054,0.7788461538461539,0.5161290322580645
178,DAL,2002,0.4594594594594595,0.8283208020050125,0.7857142857142857,0.625
179,DAL,2003,0.7848101265822784,0.7649880095923262,0.8429752066115702,0.875
180,DAL,2004,0.7692307692307693,0.9060283687943262,0.8015873015873016,0.28125
181,DAL,2005,0.8875,0.7316433566433567,0.8675213675213675,0.59375
182,DAL,2006,0.9333333333333333,0.8796296296296297,0.7479674796747967,0.4375
183,DAL,2007,0.9761904761904762,0.9195804195804196,0.6115702479338843,0.65625
184,DAL,2008,0.8947368421052632,0.8355263157894737,0.9307692307692308,0.5625
185,DAL,2009,0.9473684210526315,0.8761574074074074,0.8805970149253731,0.75
186,DAL,2010,0.7654320987654321,0.7804054054054054,0.5939849624060151,0.4375
187,DAL,2011,0.9473684210526315,0.9152823920265781,0.8051470588235294,0.65625
188,DAL,2012,0.9014084507042254,0.7851307189542484,0.8571428571428571,0.25
189,DAL,2013,0.8507462686567164,0.6555374592833876,0.9813664596273292,0.03125
190,DAL,2014,0.972972972972973,0.7383333333333333,1.0,0.65625
191,DAL,2015,,0.6367924528301887,0.9556962025316456,0.3125
192,DAL,2016,1.0,0.8363914373088684,1.0,0.75
193,DAL,2017,0.7808219178082192,0.7085987261146497,0.9178082191780822,0.5625
194,DAL,2018,0.8611111111111112,0.6617210682492582,0.993006993006993,0.9375
195,DAL,2019,0.9142857142857143,0.8602941176470589,1.0,0.625
196,DAL,2020,0.6296296296296297,0.8879310344827587,0.96,0.28125
197,DAL,2021,0.9759036144578314,0.7880281690140845,0.9477124183006536,0.78125
198,DEN,2000,0.963855421686747,0.9118773946360154,0.9473684210526315,0.45161290322580644
199,DEN,2001,0.6891891891891891,0.8088803088803089,0.6538461538461539,0.41935483870967744
200,DEN,2002,0.7297297297297297,0.8959899749373434,0.9732142857142857,0.46875
201,DEN,2003,0.8481012658227848,0.6888489208633094,0.9586776859504132,0.59375
202,DEN,2004,0.9230769230769231,0.7828014184397163,0.9365079365079365,0.609375
203,DEN,2005,0.9375,0.754079254079254,0.8675213675213675,0.75
204,DEN,2006,0.5866666666666667,0.7074074074074074,0.8373983739837398,0.75
205,DEN,2007,0.9285714285714286,0.8053613053613052,0.7851239669421488,0.3125
206,DEN,2008,0.9210526315789473,0.8824561403508772,0.6307692307692307,0.0625
207,DEN,2009,0.7894736842105263,0.671875,0.8880597014925373,0.84375
208,DEN,2010,0.7654320987654321,0.7331081081081081,0.8721804511278195,0.03125
209,DEN,2011,0.7236842105263158,0.601328903654485,0.9044117647058824,0.375
210,DEN,2012,1.0,0.8267973856209151,0.8775510204081632,0.78125
211,DEN,2013,1.0,0.9381107491856677,0.9503105590062112,0.3125
212,DEN,2014,0.9459459459459459,0.8025,0.9125,0.875
213,DEN,2015,0.49333333333333335,0.7987421383647799,0.9050632911392406,0.90625
214,DEN,2016,0.6428571428571429,0.7454128440366973,0.71875,0.78125
215,DEN,2017,0.4520547945205479,0.6504777070063694,0.9041095890410958,0.84375
216,DEN,2018,0.7083333333333334,0.7759643916913946,0.8741258741258742,0.546875
217,DEN,2019,0.5142857142857142,0.7362745098039216,0.8357142857142857,0.40625
218,DEN,2020,0.6419753086419753,0.7086925287356322,0.9466666666666667,0.21875
219,DEN,2021,0.7289156626506024,0.8119718309859155,0.9411764705882353,0.84375
220,DET,2000,0.6867469879518072,0.7292464878671775,0.8771929824561403,0.6129032258064516
221,DET,2001,0.44594594594594594,0.7245817245817245,0.6875,0.03225806451612903
222,DET,2002,0.43243243243243246,0.6842105263157895,0.75,0.03125
223,DET,2003,0.5822784810126582,0.592326139088729,0.8099173553719008,0.28125
224,DET,2004,0.717948717948718,0.6513002364066194,0.8809523809523809,0.3125
225,DET,2005,0.6125,0.7296037296037295,0.7435897435897436,0.359375
226,DET,2006,0.8,0.8691358024691359,0.8536585365853658,0.125
227,DET,2007,0.8452380952380952,0.7744755244755245,0.8016528925619835,0.03125
228,DET,2008,0.4342105263157895,0.5976608187134502,0.8769230769230769,0.03125
229,DET,2009,0.4868421052631579,0.6879340277777778,0.8283582089552238,0.03125
230,DET,2010,0.5925925925925926,0.9031531531531533,0.7218045112781954,0.3125
231,DET,2011,0.9342105263157895,0.8745847176079734,0.6838235294117647,0.4375
232,DET,2012,0.7605633802816901,0.7009803921568627,0.8707482993197279,0.34375
233,DET,2013,0.9253731343283582,0.7634364820846906,0.9627329192546584,0.71875
234,DET,2014,0.8513513513513513,0.7225,0.68125,0.96875
235,DET,2015,0.8466666666666667,0.714622641509434,0.8544303797468354,0.34375
236,DET,2016,0.8571428571428571,0.8685015290519877,0.775,0.1875
237,DET,2017,0.9863013698630136,0.8132961783439491,0.773972602739726,0.40625
238,DET,2018,0.6805555555555556,0.7987141444114738,0.7062937062937062,0.46875
239,DET,2019,0.7571428571428571,0.7400735294117647,0.6785714285714286,0.09375
240,DET,2020,0.8148148148148148,0.7323994252873564,0.7266666666666667,0.03125
241,DET,2021,0.7469879518072289,0.8450704225352114,0.7647058823529411,0.1875
242,GNB,2000,0.8795180722891566,0.7423371647509578,0.9649122807017544,0.5806451612903226
243,GNB,2001,0.9864864864864865,0.8494208494208495,0.9807692307692307,0.7419354838709677
244,GNB,2002,0.8918918918918919,0.8446115288220551,0.8928571428571429,0.78125
245,GNB,2003,0.8987341772151899,0.7482014388489208,1.0,0.8125
246,GNB,2004,0.9358974358974359,0.8835697399527187,0.9603174603174603,0.125
247,GNB,2005,0.75,0.7243589743589745,0.7948717948717948,0.625
248,GNB,2006,0.7466666666666667,0.7024691358024692,0.9186991869918699,0.53125
249,GNB,2007,0.9880952380952381,0.9055944055944055,0.8429752066115702,0.625
250,GNB,2008,0.9078947368421053,0.7600877192982456,0.8692307692307693,0.375
251,GNB,2009,0.9736842105263158,0.8229166666666666,0.9104477611940298,0.90625
252,GNB,2010,0.9506172839506173,0.7066441441441441,0.7819548872180451,0.90625
253,GNB,2011,0.9868421052631579,0.8729235880398671,0.75,0.40625
254,GNB,2012,0.9577464788732394,0.8970588235294117,0.5714285714285714,0.40625
255,GNB,2013,0.835820895522388,0.7899022801302932,0.9254658385093167,0.125
256,GNB,2014,1.0,0.8075,0.9875,0.53125
257,GNB,2015,0.7466666666666667,0.7783018867924528,0.8924050632911392,0.59375
258,GNB,2016,0.9571428571428572,0.8138379204892966,0.85625,0.40625
259,GNB,2017,0.4657534246575342,0.8598726114649682,0.7054794520547946,0.4375
260,GNB,2018,0.8472222222222222,0.7589020771513353,0.8881118881118881,0.34375
261,GNB,2019,0.8571428571428571,0.7051470588235295,0.9642857142857143,0.71875
262,GNB,2020,1.0,0.7844827586206896,0.9866666666666667,0.640625
263,GNB,2021,0.9879518072289156,0.7605633802816901,0.954248366013072,0.8125
264,HOU,2002,0.527027027027027,0.5852130325814536,0.6517857142857143,0.40625
265,HOU,2003,0.6329113924050633,0.6594724220623501,0.8925619834710744,0.1875
266,HOU,2004,0.8333333333333334,0.6648936170212766,0.9444444444444444,0.375
267,HOU,2005,0.6625,0.5722610722610723,0.8547008547008547,0.03125
268,HOU,2006,0.8266666666666667,0.8185185185185185,0.6910569105691057,0.09375
269,HOU,2007,0.8214285714285714,0.8869463869463869,0.7603305785123967,0.15625
270,HOU,2008,0.868421052631579,0.9321637426900584,1.0,0.1875
271,HOU,2009,0.9342105263157895,0.8211805555555556,0.7835820895522388,0.46875
272,HOU,2010,0.9382716049382716,0.8091216216216216,1.0,0.0625
273,HOU,2011,0.868421052631579,0.7292358803986712,0.9852941176470589,0.96875
274,HOU,2012,0.8873239436619719,0.8344226579520697,0.9795918367346939,0.84375
275,HOU,2013,0.3880597014925373,0.7638436482084691,0.7329192546583851,0.25
276,HOU,2014,0.7837837837837838,0.7611111111111111,0.525,0.90625
277,HOU,2015,0.6666666666666666,0.7460691823899371,0.7848101265822784,0.78125
278,HOU,2016,0.4857142857142857,0.6590214067278287,0.9125,0.6875
279,HOU,2017,0.5068493150684932,0.7282377919320595,0.8835616438356164,0.03125
280,HOU,2018,0.9444444444444444,0.7544510385756676,0.8811188811188811,0.96875
281,HOU,2019,0.9571428571428572,0.8102941176470588,0.8857142857142857,0.375
282,HOU,2020,0.9382716049382716,0.819683908045977,0.9066666666666666,0.125
283,HOU,2021,0.5662650602409639,0.6246478873239436,,0.25
284,IND,2000,0.9759036144578314,0.8256704980842912,1.0,0.3870967741935484
285,IND,2001,0.8783783783783784,0.777027027027027,0.9134615384615384,0.06451612903225806
286,IND,2002,0.9864864864864865,0.8035714285714286,0.8392857142857143,0.65625
287,IND,2003,1.0,0.860611510791367,0.9256198347107438,0.4375
288,IND,2004,1.0,0.8484042553191489,0.9920634920634921,0.40625
289,IND,2005,1.0,0.8361013986013985,0.9615384615384616,0.875
290,IND,2006,1.0,0.8166666666666667,0.7804878048780488,0.28125
291,IND,2007,0.9642857142857143,0.8304195804195804,0.8966942148760331,0.96875
292,IND,2008,0.9473684210526315,0.7763157894736842,0.7153846153846154,0.78125
293,IND,2009,0.9605263157894737,0.7790798611111112,0.8656716417910447,0.59375
294,IND,2010,0.8765432098765432,0.6815878378378378,0.6390977443609023,0.28125
295,IND,2011,0.34210526315789475,0.6727574750830565,0.6580882352941176,0.3125
296,IND,2012,0.795774647887324,0.7802287581699346,0.8503401360544217,0.03125
297,IND,2013,0.8208955223880597,0.7160694896851248,0.37888198757763975,0.40625
298,IND,2014,0.9594594594594594,0.8366666666666667,0.8375,0.6875
299,IND,2015,0.5866666666666667,0.6505503144654088,0.9493670886075949,0.25
300,IND,2016,0.9,0.7717889908256881,0.91875,0.03125
301,IND,2017,0.6164383561643836,0.7213375796178344,0.910958904109589,0.15625
302,IND,2018,0.8888888888888888,0.7974777448071216,0.9230769230769231,0.65625
303,IND,2019,0.7,0.7393382352941177,0.8071428571428572,0.59375
304,IND,2020,0.8641975308641975,0.7507183908045977,0.97,0.8125
305,IND,2021,0.7951807228915663,0.752112676056338,1.0,0.71875
306,JAX,2000,0.891566265060241,0.9003831417624522,0.956140350877193,0.6774193548387096
307,JAX,2001,0.7837837837837838,0.851994851994852,0.8605769230769231,0.4838709677419355
308,JAX,2002,0.7702702702702703,0.724624060150376,0.9107142857142857,0.5625
309,JAX,2003,0.8227848101265823,0.7308153477218226,0.9669421487603306,0.65625
310,JAX,2004,0.8076923076923077,0.5839243498817966,0.8888888888888888,0.78125
311,JAX,2005,0.875,0.7587412587412588,0.6581196581196581,0.71875
312,JAX,2006,0.5733333333333334,0.575,0.9105691056910569,0.9375
313,JAX,2007,0.9404761904761905,0.752913752913753,0.8842975206611571,0.875
314,JAX,2008,0.7105263157894737,0.7134502923976608,0.6230769230769231,0.28125
315,JAX,2009,0.8421052631578947,0.66796875,0.9776119402985075,0.40625
316,JAX,2010,0.8518518518518519,0.8536036036036037,0.9323308270676691,0.09375
317,JAX,2011,0.3815789473684211,0.6046511627906977,1.0,0.8125
318,JAX,2012,0.4647887323943662,0.6552287581699346,0.7210884353741497,0.125
319,JAX,2013,0.4253731343283582,0.7035830618892508,0.5496894409937888,0.15625
320,JAX,2014,0.43243243243243246,0.6183333333333334,0.8625,0.25
321,JAX,2015,0.82,0.7602201257861635,0.7911392405063291,0.125
322,JAX,2016,0.6142857142857143,0.6337920489296636,0.8375,0.46875
323,JAX,2017,0.821917808219178,0.7823779193205945,0.9383561643835616,0.9375
324,JAX,2018,0.5555555555555556,0.6172106824925816,0.6573426573426573,0.78125
325,JAX,2019,0.7285714285714285,0.7963235294117648,0.9071428571428571,0.3125
326,JAX,2020,0.691358024691358,0.7298850574712644,0.98,0.09375
327,JAX,2021,0.6144578313253012,0.6415492957746479,0.9215686274509803,0.15625
328,KAN,2000,0.9518072289156626,0.8773946360153256,0.6228070175438597,0.3225806451612903
329,KAN,2001,0.7702702702702703,0.7619047619047619,1.0,0.2903225806451613
330,KAN,2002,0.918918918918919,0.7819548872180451,0.9553571428571429,0.1875
331,KAN,2003,0.9746835443037974,0.9304556354916067,0.9380165289256198,0.46875
332,KAN,2004,0.9487179487179487,0.9503546099290779,0.8650793650793651,0.03125
333,KAN,2005,0.9625,0.9032634032634032,1.0,0.6875
334,KAN,2006,0.49333333333333335,0.8580246913580246,0.959349593495935,0.71875
335,KAN,2007,0.6964285714285714,0.724941724941725,0.6735537190082644,0.59375
336,KAN,2008,0.5921052631578947,0.6385964912280702,0.8461538461538461,0.34375
337,KAN,2009,0.6578947368421053,0.6076388888888888,0.9626865671641791,0.15625
338,KAN,2010,0.8395061728395061,0.6722972972972973,0.7969924812030075,0.5
339,KAN,2011,0.5789473684210527,0.7796234772978959,0.5,0.625
340,KAN,2012,0.4788732394366197,0.5563725490196079,0.9863945578231292,0.375
341,KAN,2013,0.746268656716418,0.7068403908794788,0.7282608695652174,0.8125
342,KAN,2014,0.8108108108108109,0.75,0.69375,0.59375
343,KAN,2015,0.8,0.7323113207547169,0.8291139240506329,0.875
344,KAN,2016,0.8,0.6754587155963303,0.93125,0.71875
345,KAN,2017,0.9452054794520548,0.7894108280254777,0.9794520547945206,0.375
346,KAN,2018,1.0,0.869807121661721,0.8356643356643356,0.1875
347,KAN,2019,0.9428571428571428,0.7448529411764706,0.8,0.4375
348,KAN,2020,0.9753086419753086,0.8674568965517241,0.8133333333333334,0.546875
349,KAN,2021,0.927710843373494,0.848943661971831,0.803921568627451,0.34375
350,LAC,2000,0.5180722891566265,0.8365261813537676,0.6578947368421053,0.3548387096774194
351,LAC,2001,0.7432432432432432,0.682110682110682,0.9423076923076923,0.7096774193548387
352,LAC,2002,0.7027027027027027,0.8095238095238096,0.9821428571428571,0.25
353,LAC,2003,0.4936708860759494,0.6930455635491607,0.9752066115702479,0.03125
354,LAC,2004,0.9615384615384616,0.8026004728132388,0.9682539682539683,0.65625
355,LAC,2005,0.9,0.9358974358974358,0.9914529914529915,0.53125
356,LAC,2006,0.96,0.8123456790123457,0.983739837398374,0.78125
357,LAC,2007,0.8095238095238095,0.68997668997669,0.9504132231404959,0.90625
358,LAC,2008,1.0,0.7570175438596491,0.8923076923076924,0.46875
359,LAC,2009,0.9868421052631579,0.9108796296296297,0.7723880597014925,0.375
360,LAC,2010,0.9753086419753086,0.7601351351351351,0.8345864661654135,0.875
361,LAC,2011,0.9078947368421053,0.8118770764119602,0.9779411764705882,0.5
362,LAC,2012,0.6901408450704225,0.6437908496732025,0.8095238095238095,0.71875
363,LAC,2013,0.9776119402985075,0.7833876221498371,0.9316770186335404,0.1875
364,LAC,2014,0.8918918918918919,0.88,0.7625,0.28125
365,LAC,2015,0.7866666666666666,0.7665094339622641,0.7721518987341772,0.28125
366,LAC,2016,0.7571428571428571,0.8597094801223242,0.925,0.625
367,LAC,2017,0.9726027397260274,0.7659235668789809,0.958904109589041,0.8125
368,LAC,2018,0.9166666666666666,0.7091988130563799,0.958041958041958,0.75
369,LAC,2019,0.8142857142857143,0.7183823529411765,0.8785714285714286,0.484375
370,LAC,2020,0.8395061728395061,0.8096264367816093,0.8266666666666667,0.40625
371,LAC,2021,0.8795180722891566,0.8084507042253521,0.9934640522875817,0.125
372,LAR,2000,0.927710843373494,0.780332056194125,0.8859649122807017,0.12903225806451613
373,LAR,2001,1.0,0.9446589446589447,0.9903846153846154,0.8709677419354839
374,LAR,2002,0.8243243243243243,0.7593984962406015,0.875,0.59375
375,LAR,2003,0.8860759493670886,0.7549460431654677,0.7851239669421488,0.78125
376,LAR,2004,0.8717948717948718,0.6728723404255319,0.8333333333333334,0.21875
377,LAR,2005,0.7875,0.8085664335664335,0.9401709401709402,0.0625
378,LAR,2006,0.9466666666666667,0.7851851851851852,0.991869918699187,0.1875
379,LAR,2007,0.4523809523809524,0.7132867132867133,0.9338842975206612,0.09375
380,LAR,2008,0.4868421052631579,0.5324561403508772,0.9384615384615385,0.125
381,LAR,2009,0.618421052631579,0.6157407407407408,0.9477611940298507,0.125
382,LAR,2010,0.6419753086419753,0.5625,0.8872180451127819,0.375
383,LAR,2011,0.5131578947368421,0.45182724252491696,0.9411764705882353,0.09375
384,LAR,2012,0.7323943661971831,0.7941176470588236,0.8435374149659864,0.65625
385,LAR,2013,0.4925373134328358,0.6883821932681867,0.6055900621118012,0.53125
386,LAR,2014,0.5743243243243243,0.6944444444444445,0.5765625,0.78125
387,LAR,2015,0.44,0.6957547169811321,0.9620253164556962,0.71875
388,LAR,2016,0.5714285714285714,0.6425840978593271,0.9,0.4375
389,LAR,2017,0.9315068493150684,0.6910828025477707,1.0,0.734375
390,LAR,2018,0.9722222222222222,0.8798219584569733,0.986013986013986,0.5
391,LAR,2019,0.8428571428571429,0.888235294117647,0.9,0.78125
392,LAR,2020,0.7777777777777778,0.8861350574712643,0.7666666666666667,1.0
393,LAR,2021,0.963855421686747,0.879225352112676,0.8104575163398693,0.875
394,LVR,2000,0.9879518072289156,0.7943805874840358,0.8245614035087719,0.5483870967741935
395,LVR,2001,0.9594594594594594,0.8545688545688547,0.8365384615384616,0.3870967741935484
396,LVR,2002,1.0,0.8054511278195489,0.8571428571428571,0.875
397,LVR,2003,0.34177215189873417,0.6966426858513189,0.7768595041322314,0.0625
398,LVR,2004,0.7307692307692307,0.7553191489361701,0.6031746031746031,0.0625
399,LVR,2005,0.775,0.7948717948717948,0.9145299145299145,0.21875
400,LVR,2006,0.30666666666666664,0.5962962962962963,0.6178861788617886,0.65625
401,LVR,2007,0.5,0.7645687645687645,0.8347107438016529,0.1875
402,LVR,2008,0.6842105263157895,0.5953216374269006,0.7307692307692307,0.25
403,LVR,2009,0.4473684210526316,0.6484375,0.7238805970149254,0.1875
404,LVR,2010,0.7654320987654321,0.7336711711711712,0.9849624060150376,0.15625
405,LVR,2011,0.6973684210526315,0.6951827242524917,0.8676470588235294,0.03125
406,LVR,2012,0.7746478873239436,0.8257080610021786,0.8095238095238095,0.15625
407,LVR,2013,0.3582089552238806,0.6965255157437568,0.7732919254658386,0.21875
408,LVR,2014,0.5540540540540541,0.721111111111111,0.721875,0.0625
409,LVR,2015,0.82,0.7169811320754716,0.75,0.375
410,LVR,2016,0.9142857142857143,0.8409785932721713,0.696875,0.3125
411,LVR,2017,0.7534246575342466,0.7006369426751593,0.8972602739726028,0.1875
412,LVR,2018,0.7777777777777778,0.847675568743818,0.8111888111888111,0.09375
413,LVR,2019,0.9,0.8029411764705882,0.8928571428571429,0.265625
414,LVR,2020,0.9506172839506173,0.7507183908045977,0.9266666666666666,0.0625
415,LVR,2021,0.8975903614457831,0.8496478873239437,0.9281045751633987,0.09375
416,MIA,2000,0.7108433734939759,0.6181353767560663,0.8421052631578947,0.8709677419354839
417,MIA,2001,0.918918918918919,0.592020592020592,0.875,0.6774193548387096
418,MIA,2002,0.7567567567567568,0.81203007518797,1.0,0.90625
419,MIA,2003,0.7721518987341772,0.762589928057554,0.9173553719008265,0.90625
420,MIA,2004,0.5384615384615384,0.700354609929078,0.746031746031746,0.71875
421,MIA,2005,0.7,0.6979895104895104,0.8974358974358975,0.5625
422,MIA,2006,0.36,0.7055555555555555,0.8780487804878049,0.84375
423,MIA,2007,0.5476190476190477,0.6678321678321678,0.7768595041322314,0.0625
424,MIA,2008,0.9605263157894737,0.8245614035087719,0.8615384615384616,0.75
425,MIA,2009,0.7105263157894737,0.6678240740740741,0.7388059701492538,0.3125
426,MIA,2010,0.7037037037037037,0.8581081081081082,0.8421052631578947,0.78125
427,MIA,2011,0.7894736842105263,0.7984496124031008,0.9632352941176471,0.53125
428,MIA,2012,0.6056338028169014,0.7581699346405228,0.9387755102040817,0.53125
429,MIA,2013,0.7164179104477612,0.7907166123778502,0.8198757763975155,0.75
430,MIA,2014,0.8243243243243243,0.8308333333333333,0.975,0.46875
431,MIA,2015,0.7333333333333333,0.7617924528301887,0.9367088607594937,0.0625
432,MIA,2016,0.7428571428571429,0.7607033639143731,0.95625,0.28125
433,MIA,2017,0.6438356164383562,0.8296178343949044,,0.0625
434,MIA,2018,0.5972222222222222,0.6520771513353116,0.7692307692307693,0.21875
435,MIA,2019,0.7142857142857143,0.6643382352941176,0.5,0.03125
436,MIA,2020,0.6172839506172839,0.7248563218390804,0.8333333333333334,0.78125
437,MIA,2021,0.7831325301204819,0.7862676056338028,0.8496732026143791,0.65625
438,MIN,2000,1.0,0.8237547892720306,0.9824561403508771,0.08064516129032258
439,MIN,2001,0.8243243243243243,0.8906048906048906,0.7115384615384616,0.12903225806451613
440,MIN,2002,0.7972972972972973,0.7716165413533835,0.9017857142857143,0.15625
441,MIN,2003,0.9620253164556962,0.8201438848920863,0.8760330578512396,0.40625
442,MIN,2004,0.9871794871794872,0.750886524822695,0.6507936507936508,0.09375
443,MIN,2005,0.8,0.6761363636363636,0.8034188034188035,0.359375
444,MIN,2006,0.6133333333333333,0.5320987654320988,0.926829268292683,0.875
445,MIN,2007,0.7559523809523809,0.5646853146853147,0.9752066115702479,0.6875
446,MIN,2008,0.618421052631579,0.7285087719298246,0.9923076923076923,0.8125
447,MIN,2009,0.9210526315789473,0.7100694444444444,0.9925373134328358,0.625
448,MIN,2010,0.6790123456790124,0.6993243243243242,0.9398496240601504,0.6875
449,MIN,2011,0.5,0.6029900332225914,0.875,0.28125
450,MIN,2012,0.6619718309859155,0.6982570806100218,1.0,0.28125
451,MIN,2013,0.44776119402985076,0.7350705754614549,0.5807453416149069,0.0625
452,MIN,2014,0.6351351351351351,0.65,0.86875,0.375
453,MIN,2015,0.72,0.6674528301886793,0.9936708860759493,0.6875
454,MIN,2016,0.7857142857142857,0.8658256880733946,0.75625,0.96875
455,MIN,2017,0.8493150684931506,0.7802547770700636,0.8424657534246576,0.90625
456,MIN,2018,0.8194444444444444,0.8123145400593472,0.8356643356643356,0.84375
457,MIN,2019,0.9285714285714286,0.8529411764705882,0.9714285714285714,0.875
458,MIN,2020,0.9259259259259259,0.8649425287356323,1.0,0.3125
459,MIN,2021,0.9518072289156626,0.9023474178403755,0.9673202614379085,0.28125
460,NOR,2000,0.7831325301204819,0.7765006385696042,0.868421052631579,0.6451612903225806
461,NOR,2001,0.8378378378378378,0.7902187902187903,0.9615384615384616,0.25806451612903225
462,NOR,2002,0.8513513513513513,0.6666666666666666,0.9464285714285714,0.28125
463,NOR,2003,0.9493670886075949,0.790167865707434,0.9834710743801653,0.375
464,NOR,2004,0.8589743589743589,0.6879432624113475,0.8968253968253969,0.15625
465,NOR,2005,0.6375,0.6998834498834499,0.6837606837606838,0.125
466,NOR,2006,0.9866666666666667,0.7345679012345679,0.9024390243902439,0.59375
467,NOR,2007,0.8809523809523809,0.7773892773892773,0.8512396694214877,0.375
468,NOR,2008,0.9868421052631579,0.8070175438596491,0.7769230769230769,0.40625
469,NOR,2009,1.0,0.8216145833333334,0.8507462686567164,0.6875
470,NOR,2010,0.9259259259259259,0.6798986486486487,0.6090225563909775,0.75
471,NOR,2011,0.9605263157894737,0.8637873754152824,0.8272058823529411,0.15625
472,NOR,2012,0.9154929577464789,0.8431372549019608,0.7721088435374149,0.0625
473,NOR,2013,0.9552238805970149,0.8957654723127035,0.6770186335403727,0.875
474,NOR,2014,0.9054054054054054,0.7441666666666666,0.93125,0.03125
475,NOR,2015,0.92,0.9161425576519916,0.930379746835443,0.03125
476,NOR,2016,0.9428571428571428,0.8295107033639144,0.96875,0.21875
477,NOR,2017,0.958904109589041,0.6656050955414012,0.9931506849315068,0.625
478,NOR,2018,0.9861111111111112,0.7388724035608308,0.6958041958041958,0.6875
479,NOR,2019,0.8,0.7286764705882353,0.9428571428571428,0.75
480,NOR,2020,0.8888888888888888,0.8227969348659004,0.8816666666666666,0.9375
481,NOR,2021,0.7590361445783133,0.6084507042253522,0.8333333333333334,1.0
482,NWE,2000,0.7590361445783133,0.7407407407407408,0.7894736842105263,0.41935483870967744
483,NWE,2001,0.8513513513513513,0.6814671814671814,0.8942307692307693,0.6129032258064516
484,NWE,2002,0.8783783783783784,0.7681704260651628,0.8125,0.34375
485,NWE,2003,0.9367088607594937,0.75,0.7107438016528925,0.96875
486,NWE,2004,0.9102564102564102,0.8014184397163121,0.9523809523809523,0.84375
487,NWE,2005,0.975,0.6901223776223776,0.7863247863247863,0.15625
488,NWE,2006,0.92,0.7111111111111111,0.8048780487804879,0.90625
489,NWE,2007,1.0,0.7587412587412588,0.6446280991735537,0.78125
490,NWE,2008,0.8421052631578947,0.6543859649122807,0.8,0.71875
491,NWE,2009,0.8947368421052632,0.8389756944444444,0.7089552238805971,0.78125
492,NWE,2010,1.0,0.6630067567567568,0.8082706766917294,0.65625
493,NWE,2011,1.0,0.936046511627907,0.7058823529411765,0.46875
494,NWE,2012,0.971830985915493,0.8700980392156863,0.8945578231292517,0.6875
495,NWE,2013,0.9104477611940298,0.737785016286645,0.8385093167701864,0.4375
496,NWE,2014,0.918918918918919,0.7691666666666667,0.775,0.8125
497,NWE,2015,0.9866666666666667,0.6666666666666666,0.8069620253164557,0.75
498,NWE,2016,0.9285714285714286,0.8792048929663608,0.88125,0.90625
499,NWE,2017,1.0,0.9044585987261146,0.8904109589041096,0.34375
500,NWE,2018,0.875,0.8946587537091988,0.7972027972027972,0.8125
501,NWE,2019,0.7428571428571429,0.7058823529411764,0.8285714285714286,1.0
502,NWE,2020,0.7530864197530864,0.6522988505747126,0.76,0.75
503,NWE,2021,0.8674698795180723,0.7446009389671362,0.9150326797385621,0.96875
504,NYG,2000,0.9036144578313253,0.6641123882503193,0.9385964912280702,0.9032258064516129
505,NYG,2001,0.8918918918918919,0.6988416988416989,0.9038461538461539,0.5806451612903226
506,NYG,2002,0.972972972972973,0.7532894736842105,0.9910714285714286,0.71875
507,NYG,2003,0.7088607594936709,0.8627098321342924,0.9380165289256198,0.15625
508,NYG,2004,0.782051282051282,0.7553191489361701,1.0,0.34375
509,NYG,2005,0.85,0.8613053613053614,0.9743589743589743,0.46875
510,NYG,2006,0.7866666666666666,0.8135802469135802,0.967479674796748,0.375
511,NYG,2007,0.7738095238095238,0.8152680652680653,0.9256198347107438,0.46875
512,NYG,2008,0.8289473684210527,0.7216374269005849,0.8846153846153846,0.59375
513,NYG,2009,0.881578947368421,0.859375,0.7985074626865671,0.25
514,NYG,2010,0.8641975308641975,0.7238175675675675,0.9699248120300752,0.84375
515,NYG,2011,0.9736842105263158,0.7408637873754153,0.8088235294117647,0.21875
516,NYG,2012,0.8732394366197183,0.8278867102396514,0.9115646258503401,0.625
517,NYG,2013,0.6119402985074627,0.8181324647122693,0.4813664596273292,0.78125
518,NYG,2014,0.8378378378378378,0.8041666666666667,0.85,0.21875
519,NYG,2015,0.8933333333333333,0.7955974842767295,0.9240506329113924,0.09375
520,NYG,2016,0.7714285714285715,0.7752293577981652,0.825,1.0
521,NYG,2017,0.6301369863013698,0.7484076433121019,0.8356164383561644,0.125
522,NYG,2018,0.7638888888888888,0.8423590504451038,0.9440559440559441,0.25
523,NYG,2019,0.6142857142857143,0.8272058823529411,0.9285714285714286,0.15625
524,NYG,2020,0.5802469135802469,0.7191091954022988,0.84,0.6875
525,NYG,2021,0.6867469879518072,0.6570422535211268,0.8202614379084967,0.40625
526,NYJ,2000,0.8192771084337349,0.7215836526181354,0.9035087719298246,0.8064516129032258
527,NYJ,2001,0.8108108108108109,0.8120978120978121,0.9711538461538461,0.7741935483870968
528,NYJ,2002,0.9324324324324325,0.8157894736842105,0.7946428571428571,0.375
529,NYJ,2003,0.7974683544303798,0.8129496402877697,0.859504132231405,0.5625
530,NYJ,2004,0.8461538461538461,0.7139479905437351,0.9761904761904762,0.9375
531,NYJ,2005,0.3875,0.7861305361305361,0.7692307692307693,0.40625
532,NYJ,2006,0.8533333333333334,0.7916666666666667,0.7642276422764228,0.40625
533,NYJ,2007,0.5119047619047619,0.763986013986014,0.8181818181818182,0.21875
534,NYJ,2008,0.75,0.7771929824561403,0.9846153846153847,0.65625
535,NYJ,2009,0.6381578947368421,0.8246527777777777,0.8955223880597015,1.0
536,NYJ,2010,0.7901234567901234,0.8761261261261262,0.9172932330827067,0.9375
537,NYJ,2011,0.7368421052631579,0.6710963455149502,0.8823529411764706,0.78125
538,NYJ,2012,0.5070422535211268,0.6688453159041394,0.8945578231292517,0.5
539,NYJ,2013,0.6716417910447762,0.6563517915309446,0.8074534161490683,0.6875
540,NYJ,2014,0.5945945945945946,0.6633333333333333,0.89375,0.4375
541,NYJ,2015,0.8466666666666667,0.5495283018867925,0.9746835443037974,1.0
542,NYJ,2016,0.4714285714285714,0.5443425076452599,0.8625,0.53125
543,NYJ,2017,0.7671232876712328,0.7043524416135881,0.8561643835616438,0.09375
544,NYJ,2018,0.5277777777777778,0.5756676557863502,0.6363636363636364,0.3125
545,NYJ,2019,0.6571428571428571,0.7686274509803921,0.8142857142857143,0.6875
546,NYJ,2020,0.37037037037037035,0.6903735632183908,0.7533333333333333,0.15625
547,NYJ,2021,0.4457831325301205,0.5795774647887324,0.8431372549019608,0.03125
548,PHI,2000,0.8313253012048193,0.780970625798212,0.7105263157894737,0.7096774193548387
549,PHI,2001,0.8648648648648649,0.8056628056628057,0.8173076923076923,0.9354838709677419
550,PHI,2002,0.7432432432432432,0.7894736842105262,0.8660714285714286,0.9375
551,PHI,2003,0.8607594936708861,0.697841726618705,0.8677685950413223,0.5
552,PHI,2004,0.9743589743589743,0.7544326241134752,0.8412698412698413,0.6875
553,PHI,2005,0.8375,0.7703962703962705,0.7777777777777778,0.4375
554,PHI,2006,0.8666666666666667,0.8438271604938272,0.9512195121951219,0.625
555,PHI,2007,0.8333333333333334,0.7564102564102564,1.0,0.75
556,PHI,2008,0.8552631578947368,0.6964912280701754,0.9230769230769231,0.9375
557,PHI,2009,0.8552631578947368,0.8919270833333334,0.6119402985074627,0.65625
558,PHI,2010,0.9629629629629629,0.7250844594594594,0.9624060150375939,0.53125
559,PHI,2011,0.8157894736842105,0.8795681063122924,0.9705882352941176,0.59375
560,PHI,2012,0.6197183098591549,0.7393790849673203,0.9217687074829932,0.09375
561,PHI,2013,0.9402985074626866,0.8135179153094463,0.9751552795031055,0.5
562,PHI,2014,0.6891891891891891,0.7883333333333333,0.94375,0.3125
563,PHI,2015,0.6933333333333334,0.7106918238993711,0.8860759493670886,0.15625
564,PHI,2016,0.6285714285714286,0.7010703363914372,0.875,0.84375
565,PHI,2017,0.863013698630137,0.8264331210191083,0.7876712328767124,0.96875
566,PHI,2018,0.8333333333333334,0.8609050445103857,0.7832167832167832,0.375
567,PHI,2019,0.8714285714285714,0.7801470588235294,0.9142857142857143,0.65625
568,PHI,2020,0.5308641975308642,0.6932471264367817,0.9333333333333333,0.375
569,PHI,2021,0.8554216867469879,0.8183098591549296,0.7516339869281046,0.5
570,PIT,2000,0.7228915662650602,0.632183908045977,0.7982456140350878,0.8387096774193549
571,PIT,2001,0.9324324324324325,0.7245817245817245,0.8269230769230769,1.0
572,PIT,2002,0.7837837837837838,0.7606516290726817,0.7053571428571429,0.828125
573,PIT,2003,0.6518987341772152,0.7422062350119903,0.7933884297520661,0.75
574,PIT,2004,0.8846153846153846,0.7180851063829787,0.7619047619047619,0.984375
575,PIT,2005,0.9125,0.8741258741258742,0.905982905982906,0.90625
576,PIT,2006,0.7733333333333333,0.8074074074074074,0.975609756097561,0.8125
577,PIT,2007,0.9523809523809523,0.8822843822843822,0.8966942148760331,0.9375
578,PIT,2008,0.8026315789473685,0.762280701754386,0.6076923076923076,1.0
579,PIT,2009,0.9078947368421053,0.7569444444444444,0.9253731343283582,0.71875
580,PIT,2010,0.9012345679012346,0.7195945945945946,0.9097744360902256,1.0
581,PIT,2011,0.881578947368421,0.7425249169435216,0.8419117647058824,0.84375
582,PIT,2012,0.8169014084507042,0.920479302832244,0.554421768707483,0.8125
583,PIT,2013,0.8805970149253731,0.8395765472312704,0.8881987577639752,0.625
584,PIT,2014,0.9864864864864865,0.7529166666666667,0.9375,0.34375
585,PIT,2015,0.76,0.6721698113207547,0.9810126582278481,0.65625
586,PIT,2016,0.8428571428571429,0.764525993883792,0.98125,0.65625
587,PIT,2017,0.8904109589041096,0.7420382165605095,0.9863013698630136,0.6875
588,PIT,2018,0.9027777777777778,0.8701780415430267,0.9790209790209791,0.40625
589,PIT,2019,0.5,0.7977941176470588,0.7928571428571428,0.90625
590,PIT,2020,0.7901234567901234,0.6882183908045977,0.88,0.90625
591,PIT,2021,0.7710843373493976,0.7563380281690141,0.9019607843137255,0.21875
592,SEA,2000,0.7349397590361446,0.7765006385696042,0.9736842105263158,0.2903225806451613
593,SEA,2001,0.5,0.6898326898326897,0.9519230769230769,0.3225806451612903
594,SEA,2002,0.8108108108108109,0.8834586466165414,0.9375,0.3125
595,SEA,2003,0.9240506329113924,0.8932853717026378,0.9504132231404959,0.53125
596,SEA,2004,0.7564102564102564,0.8315602836879432,0.9841269841269841,0.609375
597,SEA,2005,0.95,0.8566433566433567,0.9829059829059829,0.78125
598,SEA,2006,0.64,0.7185185185185184,0.7886178861788617,0.3125
599,SEA,2007,0.9166666666666666,0.8103146853146853,0.7520661157024794,0.84375
600,SEA,2008,0.6578947368421053,0.7140350877192982,0.7615384615384615,0.09375
601,SEA,2009,0.6842105263157895,0.8425925925925926,0.6940298507462687,0.09375
602,SEA,2010,0.5802469135802469,0.5696790540540541,,0.25
603,SEA,2011,0.6052631578947368,0.5348837209302326,0.9558823529411765,0.875
604,SEA,2012,0.9295774647887324,0.8376906318082789,0.9931972789115646,0.90625
605,SEA,2013,0.9776119402985075,0.7772801302931596,0.9875776397515528,0.9375
606,SEA,2014,0.9324324324324325,0.6875,0.99375,1.0
607,SEA,2015,0.9733333333333334,0.9009433962264151,0.8417721518987342,0.9375
608,SEA,2016,0.8857142857142857,0.8470948012232415,,0.875
609,SEA,2017,0.9041095890410958,0.8296178343949044,0.4794520547945205,0.734375
610,SEA,2018,0.9305555555555556,0.7922848664688428,0.965034965034965,0.59375
611,SEA,2019,0.9857142857142858,0.8242647058823529,0.9571428571428572,0.5625
612,SEA,2020,0.9012345679012346,0.8117816091954023,0.8866666666666667,0.5
613,SEA,2021,0.8433734939759037,0.8528169014084507,0.7124183006535948,0.3125
614,SFO,2000,0.9397590361445783,0.8684546615581098,0.9298245614035088,0.03225806451612903
615,SFO,2001,0.972972972972973,0.8018018018018017,0.8846153846153846,0.6451612903225806
616,SFO,2002,0.8648648648648649,0.756265664160401,0.8839285714285714,0.53125
617,SFO,2003,0.8354430379746836,0.8261390887290169,0.8264462809917356,0.71875
618,SFO,2004,0.5897435897435898,0.7884160756501183,0.8095238095238095,0.1875
619,SFO,2005,0.2625,0.5221445221445221,0.717948717948718,0.09375
620,SFO,2006,0.6666666666666666,0.7268518518518519,1.0,0.15625
621,SFO,2007,0.35714285714285715,0.6420454545454546,0.9586776859504132,0.34375
622,SFO,2008,0.7236842105263158,0.6535087719298245,0.9615384615384616,0.21875
623,SFO,2009,0.6381578947368421,0.8009259259259259,0.9701492537313433,0.8125
624,SFO,2010,0.6172839506172839,0.8772522522522522,0.8796992481203008,0.5625
625,SFO,2011,0.8947368421052632,0.8222591362126246,0.9117647058823529,1.0
626,SFO,2012,0.704225352112676,0.8529411764705882,0.9455782312925171,0.96875
627,SFO,2013,0.8656716417910447,0.8469055374592833,0.7298136645962733,0.90625
628,SFO,2014,0.7972972972972973,0.7377777777777778,0.678125,0.84375
629,SFO,2015,0.4,0.699685534591195,0.7151898734177216,0.1875
630,SFO,2016,0.6,0.6460244648318043,0.9375,0.09375
631,SFO,2017,,0.7887473460721868,0.952054794520548,0.28125
632,SFO,2018,0.625,0.764589515331355,0.8951048951048951,0.15625
633,SFO,2019,0.9714285714285714,0.973529411764706,0.7285714285714285,0.84375
634,SFO,2020,0.6790123456790124,0.8136973180076629,0.7733333333333333,0.71875
635,SFO,2021,0.9156626506024096,0.9812206572769954,0.8333333333333334,0.75
636,TAM,2000,0.7951807228915663,0.7816091954022989,0.8070175438596491,0.9354838709677419
637,TAM,2001,0.7567567567567568,0.7232947232947233,0.7692307692307693,0.9032258064516129
638,TAM,2002,0.9054054054054054,0.7907268170426066,0.7589285714285714,1.0
639,TAM,2003,0.810126582278481,0.7781774580335732,0.8512396694214877,1.0
640,TAM,2004,0.7948717948717948,0.826241134751773,0.9126984126984127,0.8125
641,TAM,2005,0.7375,0.6608391608391608,0.8803418803418803,0.96875
642,TAM,2006,0.4666666666666667,0.645679012345679,0.7317073170731707,0.46875
643,TAM,2007,0.9047619047619048,0.8356643356643357,0.8677685950413223,1.0
644,TAM,2008,0.8157894736842105,0.7035087719298245,0.7538461538461538,0.84375
645,TAM,2009,0.5921052631578947,0.59765625,0.8059701492537313,0.28125
646,TAM,2010,0.9876543209876543,0.7618243243243243,0.7142857142857143,0.71875
647,TAM,2011,0.6842105263157895,0.7829457364341086,0.8419117647058824,0.0625
648,TAM,2012,0.795774647887324,0.7312091503267973,0.9591836734693877,0.4375
649,TAM,2013,0.5970149253731343,0.8089033659066232,0.46273291925465837,0.34375
650,TAM,2014,0.4189189189189189,0.7600000000000001,0.415625,0.1875
651,TAM,2015,0.7733333333333333,0.5911949685534591,1.0,0.4375
652,TAM,2016,0.8285714285714286,0.5313455657492355,0.73125,0.5625
653,TAM,2017,0.8356164383561644,0.8351910828025478,0.6506849315068494,0.25
654,TAM,2018,0.6527777777777778,0.9094955489614244,0.8251748251748252,0.03125
655,TAM,2019,0.8285714285714286,0.8191176470588235,0.85,0.53125
656,TAM,2020,0.9135802469135802,0.8570402298850575,0.9533333333333334,0.84375
657,TAM,2021,1.0,0.8176056338028169,0.934640522875817,0.9375
658,TEN,2000,0.9156626506024096,0.7341954022988506,0.9912280701754386,0.967741935483871
659,TEN,2001,0.9459459459459459,0.8108108108108107,0.8605769230769231,0.1935483870967742
660,TEN,2002,0.9459459459459459,0.6964285714285714,0.8303571428571429,0.828125
661,TEN,2003,0.9873417721518988,0.8651079136690647,0.8016528925619835,0.84375
662,TEN,2004,0.5769230769230769,0.8522458628841608,0.8571428571428571,0.25
663,TEN,2005,0.8125,0.7504370629370629,0.8461538461538461,0.265625
664,TEN,2006,0.6933333333333334,0.6388888888888888,0.8861788617886179,0.03125
665,TEN,2007,0.6666666666666666,0.6031468531468531,0.9090909090909091,0.8125
666,TEN,2008,0.7631578947368421,0.6690058479532164,0.9461538461538461,0.90625
667,TEN,2009,0.8289473684210527,0.6475694444444444,1.0,0.21875
668,TEN,2010,0.8148148148148148,0.6630067567567568,0.9473684210526315,0.21875
669,TEN,2011,0.8289473684210527,0.7364341085271318,0.9338235294117647,0.5625
670,TEN,2012,0.5633802816901409,0.7222222222222222,0.9523809523809523,0.21875
671,TEN,2013,0.6865671641791045,0.6522801302931596,0.9565217391304348,0.59375
672,TEN,2014,0.47297297297297297,0.7995833333333333,0.7875,0.15625
673,TEN,2015,0.7066666666666667,0.6698113207547169,0.7341772151898734,0.40625
674,TEN,2016,0.8714285714285714,0.8236493374108053,0.5796875,0.359375
675,TEN,2017,0.7054794520547946,0.7022292993630573,0.863013698630137,0.53125
676,TEN,2018,0.7361111111111112,0.6750741839762612,0.916083916083916,0.71875
677,TEN,2019,0.8857142857142857,0.7591176470588236,0.9928571428571429,0.484375
678,TEN,2020,0.9629629629629629,0.8716475095785441,0.9933333333333333,0.1875
679,TEN,2021,0.8313253012048193,0.7455399061032865,0.8758169934640523,0.625
680,WAS,2000,0.7469879518072289,0.7001915708812261,0.9210526315789473,0.7741935483870968
681,WAS,2001,0.6351351351351351,0.6743886743886743,0.9230769230769231,0.8387096774193549
682,WAS,2002,0.35135135135135137,0.7167919799498746,0.8035714285714286,0.4375
683,WAS,2003,0.7341772151898734,0.6630695443645084,0.6611570247933884,0.25
684,WAS,2004,0.5,0.6272163120567376,0.9285714285714286,0.90625
685,WAS,2005,0.8625,0.6695804195804196,0.9615384615384616,0.84375
686,WAS,2006,0.6533333333333333,0.7555555555555555,0.943089430894309,0.0625
687,WAS,2007,0.7857142857142857,0.8735431235431236,0.9917355371900827,0.71875
688,WAS,2008,0.7894736842105263,0.8818713450292398,0.9769230769230769,0.875
689,WAS,2009,0.7763157894736842,0.7135416666666666,0.6417910447761194,0.5625
690,WAS,2010,0.7283950617283951,0.8382601351351351,0.8082706766917294,0.34375
691,WAS,2011,0.6644736842105263,0.8305647840531561,0.8014705882352942,0.1875
692,WAS,2012,0.9859154929577465,0.7396514161220044,0.9659863945578231,0.46875
693,WAS,2013,0.7014925373134329,0.7122692725298588,0.7049689440993789,0.375
694,WAS,2014,0.6216216216216216,0.6855555555555556,0.703125,0.09375
695,WAS,2015,0.9466666666666667,0.7720125786163522,0.6772151898734177,0.5625
696,WAS,2016,0.9714285714285714,0.8700305810397554,0.78125,0.25
697,WAS,2017,0.9178082191780822,0.6934713375796179,0.7465753424657534,0.5
698,WAS,2018,0.5416666666666666,0.6798961424332344,0.9370629370629371,0.625
699,WAS,2019,0.5571428571428572,0.6573529411764706,0.8642857142857143,0.265625
700,WAS,2020,0.5061728395061729,0.6555316091954023,0.9,0.96875
701,WAS,2021,0.7108433734939759,0.6267605633802817,0.9738562091503268,0.375
